Date,ETH_Volume
2021-01-01,40730301359
2021-01-02,67865420765
2021-01-03,78665235202
2021-01-04,81163475344
2021-01-05,67547324782
2021-01-06,75289433811
2021-01-07,84762141031
2021-01-08,88107519480
2021-01-09,61984162837
2021-01-10,79980747690
2021-01-11,123320567399
2021-01-12,74773277909
2021-01-13,69364315979
2021-01-14,63615990033
2021-01-15,67760757881
2021-01-16,57706187875
2021-01-17,52359854336
2021-01-18,49511702429
2021-01-19,57244195486
2021-01-20,66834573161
2021-01-21,75643067688
2021-01-22,77207272511
2021-01-23,48354737975
2021-01-24,48643830599
2021-01-25,59897054838
2021-01-26,60255421470
2021-01-27,62576762015
2021-01-28,76517157706
2021-01-29,117894572511
2021-01-30,65141828798
2021-01-31,52754542671
2021-02-01,61400400660
2021-02-02,63088585433
2021-02-03,61166818159
2021-02-04,68838074392
2021-02-05,58598066402
2021-02-06,71326033653
2021-02-07,65500641143
2021-02-08,101467222687
2021-02-09,91809846886
2021-02-10,87301089896
2021-02-11,81388911810
2021-02-12,76555041196
2021-02-13,70250456155
2021-02-14,71248675228
2021-02-15,77069903166
2021-02-16,77049582886
2021-02-17,80820545404
2021-02-18,52054723579
2021-02-19,63495496918
2021-02-20,68145460026
2021-02-21,51897585191
2021-02-22,92052420332
2021-02-23,106102492824
2021-02-24,63695521388
2021-02-25,54506565949
2021-02-26,350967941479
2021-02-27,45910946382
2021-02-28,53443887451
2021-03-01,53891300112
2021-03-02,47530897720
2021-03-03,53220811975
2021-03-04,52343816680
2021-03-05,48625928883
2021-03-06,34363564661
2021-03-07,43137459378
2021-03-08,48597428048
2021-03-09,50912227385
2021-03-10,57295577614
2021-03-11,56772343595
2021-03-12,55689944702
2021-03-13,60669829814
2021-03-14,43901225564
2021-03-15,66419369890
2021-03-16,59749798599
2021-03-17,60258313191
2021-03-18,55746041000
2021-03-19,49063873786
2021-03-20,50361731222
2021-03-21,51943414539
2021-03-22,56521454974
2021-03-23,56435023914
2021-03-24,70567223787
2021-03-25,67999812841
2021-03-26,56652197978
2021-03-27,47266542233
2021-03-28,47686580918
2021-03-29,57625587027
2021-03-30,54414116432
2021-03-31,65520826225
2021-04-01,61669163792
2021-04-02,58727860620
2021-04-03,59641344484
2021-04-04,50749662970
2021-04-05,60706272115
2021-04-06,66058027988
2021-04-07,75645303584
2021-04-08,53053855641
2021-04-09,46655208546
2021-04-10,58238470525
2021-04-11,46280252580
2021-04-12,51828688519
2021-04-13,69983454362
2021-04-14,77451779687
2021-04-15,60954381579
2021-04-16,84293007468
2021-04-17,66138759198
2021-04-18,97468872758
2021-04-19,65344865159
2021-04-20,67849323955
2021-04-21,54926612466
2021-04-22,74798630778
2021-04-23,86668667320
2021-04-24,49014494781
2021-04-25,46117114240
2021-04-26,58284039825
2021-04-27,49448222757
2021-04-28,48000572955
2021-04-29,46088929780
2021-04-30,52395931985
2021-05-01,42836427360
2021-05-02,38177405335
2021-05-03,51713139031
2021-05-04,68564706967
2021-05-05,69241316747
2021-05-06,69523285106
2021-05-07,68434023376
2021-05-08,65382980634
2021-05-09,65906690347
2021-05-10,71776546298
2021-05-11,61308396325
2021-05-12,75215403907
2021-05-13,96721152926
2021-05-14,55737497453
2021-05-15,59161047474
2021-05-16,64047871555
2021-05-17,74903638450
2021-05-18,56187365084
2021-05-19,126358098747
2021-05-20,88281943359
2021-05-21,82051616861
2021-05-22,57377273240
2021-05-23,78469274361
2021-05-24,67359584098
2021-05-25,56211915803
2021-05-26,51346735160
2021-05-27,43210968721
2021-05-28,55200191952
2021-05-29,45231013335
2021-05-30,31646080921
2021-05-31,39009847639
2021-06-01,34639423297
2021-06-02,33070867190
2021-06-03,35460750427
2021-06-04,41831090187
2021-06-05,35959473399
2021-06-06,28913440585
2021-06-07,33683936663
2021-06-08,49902050442
2021-06-09,53972919008
2021-06-10,43576032854
2021-06-11,38699736985
2021-06-12,37924228550
2021-06-13,40669112838
2021-06-14,43148914673
2021-06-15,46420149185
2021-06-16,39211635100
2021-06-17,37096670047
2021-06-18,36200887275
2021-06-19,31207279719
2021-06-20,36664034054
2021-06-21,52809038594
2021-06-22,58964353058
2021-06-23,46317108925
2021-06-24,33123368116
2021-06-25,40230904226
2021-06-26,38585385521
2021-06-27,35511640894
2021-06-28,33892523752
2021-06-29,37901460044
2021-06-30,34059036099
2021-07-01,37838957079
2021-07-02,38728974942
2021-07-03,24383958643
2021-07-04,24924307911
2021-07-05,26721554282
2021-07-06,26501259870
2021-07-07,24796027477
2021-07-08,29910396946
2021-07-09,27436021028
2021-07-10,22971873468
2021-07-11,20108729370
2021-07-12,24321499537
2021-07-13,19120856669
2021-07-14,21376531210
2021-07-15,21300524237
2021-07-16,23699476918
2021-07-17,18895018942
2021-07-18,18787986667
2021-07-19,20434789545
2021-07-20,23148267245
2021-07-21,28203024559
2021-07-22,19555230518
2021-07-23,22552046192
2021-07-24,21664706865
2021-07-25,20856685287
2021-07-26,51022126212
2021-07-27,35097370560
2021-07-28,38702404695
2021-07-29,27167146027
2021-07-30,33072782960
2021-07-31,25802845343
2021-08-01,26688438115
2021-08-02,25595265436
2021-08-03,26189830450
2021-08-04,25372562724
2021-08-05,35185031017
2021-08-06,38226483046
2021-08-07,40030862141
2021-08-08,36302664750
2021-08-09,38734079049
2021-08-10,33546019517
2021-08-11,34319709073
2021-08-12,33723620826
2021-08-13,31744259539
2021-08-14,31211354442
2021-08-15,30988958446
2021-08-16,32776876610
2021-08-17,33451362600
2021-08-18,32194123075
2021-08-19,37204312299
2021-08-20,34706867452
2021-08-21,40585205312
2021-08-22,25370975378
2021-08-23,34305053719
2021-08-24,35361168834
2021-08-25,32646349931
2021-08-26,32666549568
2021-08-27,34511076995
2021-08-28,28568103401
2021-08-29,25889650240
2021-08-30,31847007016
2021-08-31,34730363427
2021-09-01,39139399125
2021-09-02,39508070319
2021-09-03,43206179619
2021-09-04,37471327794
2021-09-05,30322676319
2021-09-06,38884105426
2021-09-07,65210059683
2021-09-08,49007762488
2021-09-09,38672657013
2021-09-10,39154666597
2021-09-11,34499835245
2021-09-12,27881980161
2021-09-13,40969943253
2021-09-14,38652152880
2021-09-15,30484496466
2021-09-16,31764293754
2021-09-17,28727713711
2021-09-18,28575630451
2021-09-19,26967722648
2021-09-20,43909845642
2021-09-21,48701090088
2021-09-22,38139709246
2021-09-23,34244064430
2021-09-24,42839345714
2021-09-25,31604717236
2021-09-26,30661222077
2021-09-27,30980029059
2021-09-28,30214940550
2021-09-29,30602359905
2021-09-30,31141681925
2021-10-01,42850641582
2021-10-02,30614346492
2021-10-03,26638115879
2021-10-04,33383173002
2021-10-05,35873904236
2021-10-06,49034730168
2021-10-07,36807860413
2021-10-08,34800873924
2021-10-09,32491211414
2021-10-10,39527792364
2021-10-11,42637331698
2021-10-12,41083758949
2021-10-13,41684252783
2021-10-14,36615791366
2021-10-15,51780081801
2021-10-16,34250964237
2021-10-17,29032367511
2021-10-18,38055562075
2021-10-19,40471196346
2021-10-20,40788955582
2021-10-21,45908121370
2021-10-22,38434082775
2021-10-23,26882546034
2021-10-24,27316183882
2021-10-25,31064911614
2021-10-26,34878965587
2021-10-27,43657076893
2021-10-28,45257083247
2021-10-29,36856881767
2021-10-30,32157938616
2021-10-31,32241199927
2021-11-01,36150572843
2021-11-02,37746665647
2021-11-03,36124731509
2021-11-04,32615846901
2021-11-05,30605102446
2021-11-06,29094934221
2021-11-07,24726754302
2021-11-08,41125608330
2021-11-09,42357991721
2021-11-10,48730828378
2021-11-11,35880633236
2021-11-12,36084893887
2021-11-13,30474228777
2021-11-14,25122092191
2021-11-15,30558763548
2021-11-16,46844335592
2021-11-17,39178392930
2021-11-18,41388338699
2021-11-19,38702407772
2021-11-20,30624264863
2021-11-21,26123447605
2021-11-22,35036121783
2021-11-23,37485803899
2021-11-24,36635566789
2021-11-25,34284016248
2021-11-26,41810748221
2021-11-27,30560857714
2021-11-28,28116886357
2021-11-29,32370840356
2021-11-30,36708594618
2021-12-01,36858195307
2021-12-02,32379968686
2021-12-03,39789134215
2021-12-04,61385677469
2021-12-05,37198201161
2021-12-06,37707308001
2021-12-07,33676814852
2021-12-08,28479699446
2021-12-09,29603577251
2021-12-10,30966005122
2021-12-11,25775869261
2021-12-12,21939223599
2021-12-13,32166727776
2021-12-14,34638619079
2021-12-15,36541828520
2021-12-16,27268150947
2021-12-17,32902725329
2021-12-18,26098292690
2021-12-19,25154053861
2021-12-20,30961902129
2021-12-21,27055803928
2021-12-22,24447979559
2021-12-23,28223878108
2021-12-24,24367912228
2021-12-25,19030650914
2021-12-26,20964372926
2021-12-27,24324345758
2021-12-28,33430376883
2021-12-29,30049226299
2021-12-30,26686491018
2021-12-31,36974172400
2022-01-01,24582667004
2022-01-02,27951569547
2022-01-03,33071628362
2022-01-04,42494677905
2022-01-05,36851084859
2022-01-06,30208048289
2022-01-07,84196607520
2022-01-08,28066355845
2022-01-09,21294384372
2022-01-10,32104232331
2022-01-11,26327648900
2022-01-12,33499938689
2022-01-13,47691135082
2022-01-14,23577403399
2022-01-15,18371348298
2022-01-16,17902097845
2022-01-17,21690904261
2022-01-18,22417209227
2022-01-19,23091543258
2022-01-20,20382033940
2022-01-21,43011992031
2022-01-22,39714385405
2022-01-23,26017975951
2022-01-24,41856658597
2022-01-25,26428189594
2022-01-26,31324598034
2022-01-27,25041426629
2022-01-28,22238830523
2022-01-29,17194183075
2022-01-30,14643548444
2022-01-31,20734730465
2022-02-01,20288500328
2022-02-02,19155189416
2022-02-03,18591534769
2022-02-04,29412210792
2022-02-05,19652846215
2022-02-06,16142097334
2022-02-07,28641855926
2022-02-08,33079398868
2022-02-09,23245887300
2022-02-10,32142048537
2022-02-11,26954925781
2022-02-12,18152390304
2022-02-13,14741589015
2022-02-14,20827783012
2022-02-15,22721659051
2022-02-16,19792547657
2022-02-17,26246662813
2022-02-18,23310007704
2022-02-19,13736557863
2022-02-20,18340576452
2022-02-21,29280402798
2022-02-22,25493150450
2022-02-23,21849073843
2022-02-24,46383802093
2022-02-25,26545599159
2022-02-26,17467554129
2022-02-27,23450127612
2022-02-28,35690014104
2022-03-01,32479047645
2022-03-02,29183112630
2022-03-03,24967782593
2022-03-04,28516271427
2022-03-05,16975917450
2022-03-06,19745229902
2022-03-07,28546143503
2022-03-08,25776583476
2022-03-09,32284121034
2022-03-10,31078064711
2022-03-11,26364890465
2022-03-12,14616450657
2022-03-13,17300745310
2022-03-14,24322159070
2022-03-15,23934000868
2022-03-16,39616916192
2022-03-17,22009601093
2022-03-18,34421564942
2022-03-19,19664853187
2022-03-20,20127946682
2022-03-21,24615543271
2022-03-22,32004652376
2022-03-23,25242943069
2022-03-24,31042992291
2022-03-25,30574413034
2022-03-26,16950455995
2022-03-27,28160889722
2022-03-28,36362175703
2022-03-29,31397059069
2022-03-30,29333883962
2022-03-31,33327427106
2022-04-01,38162644287
2022-04-02,29336594194
2022-04-03,25414397610
2022-04-04,32499785455
2022-04-05,29640604055
2022-04-06,39393395788
2022-04-07,26101973106
2022-04-08,27215995394
2022-04-09,16050772496
2022-04-10,17654475582
2022-04-11,33949912166
2022-04-12,30991500854
2022-04-13,27691105228
2022-04-14,24342001973
2022-04-15,21756855753
2022-04-16,16833150693
2022-04-17,19087633042
2022-04-18,33705182072
2022-04-19,25303206547
2022-04-20,27819532341
2022-04-21,35372786395
2022-04-22,28011716745
2022-04-23,16138021249
2022-04-24,17964398167
2022-04-25,35445730570
2022-04-26,34569088416
2022-04-27,30981015184
2022-04-28,33903704907
2022-04-29,30882994649
2022-04-30,23895713731
2022-05-01,27002760110
2022-05-02,32922642426
2022-05-03,27326943244
2022-05-04,36754404490
2022-05-05,43106256317
2022-05-06,37795577489
2022-05-07,24375896406
2022-05-08,36763041910
2022-05-09,63355494961
2022-05-10,59811038817
2022-05-11,70388855818
2022-05-12,66989173272
2022-05-13,42841124537
2022-05-14,28579868620
2022-05-15,25835372065
2022-05-16,32613897286
2022-05-17,29101473475
2022-05-18,31285268319
2022-05-19,33773447707
2022-05-20,30749382605
2022-05-21,17274840442
2022-05-22,21631532270
2022-05-23,31483454557
2022-05-24,26616506245
2022-05-25,27525063551
2022-05-26,36774325352
2022-05-27,36582005748
2022-05-28,35519577634
2022-05-29,18093886409
2022-05-30,39277993274
2022-05-31,33538210634
2022-06-01,41135817341
2022-06-02,29083562061
2022-06-03,26175547452
2022-06-04,16588370958
2022-06-05,17264085441
2022-06-06,31947336829
2022-06-07,40770974039
2022-06-08,30242059107
2022-06-09,21692004719
2022-06-10,29867476527
2022-06-11,27246574439
2022-06-12,34163220274
2022-06-13,68204556440
2022-06-14,50913575242
2022-06-15,54912007015
2022-06-16,31183975654
2022-06-17,27132421514
2022-06-18,42009436760
2022-06-19,35329942625
2022-06-20,30818458597
2022-06-21,28970212744
2022-06-22,28574793478
2022-06-23,26188097173
2022-06-24,24957784918
2022-06-25,18372538715
2022-06-26,18027170497
2022-06-27,20965695707
2022-06-28,21381535161
2022-06-29,23552740328
2022-06-30,26267239923
2022-07-01,30767551159
2022-07-02,18100418740
2022-07-03,16390821947
2022-07-04,21594638208
2022-07-05,26715546990
2022-07-06,24598943708
2022-07-07,25814972520
2022-07-08,49899834488
2022-07-09,29641127858
2022-07-10,28688807249
2022-07-11,24150249025
2022-07-12,25810220018
2022-07-13,33042430345
2022-07-14,31158743333
2022-07-15,25905575359
2022-07-16,24302954056
2022-07-17,22927802083
2022-07-18,39974475562
2022-07-19,48765202697
2022-07-20,42932549127
2022-07-21,33631012204
2022-07-22,31421555646
2022-07-23,24021799169
2022-07-24,23565495303
2022-07-25,35574561406
2022-07-26,28624673855
2022-07-27,31758955233
2022-07-28,40212386158
2022-07-29,35887249746
2022-07-30,28148218301
2022-07-31,23553591896
2022-08-01,25849159141
2022-08-02,28389250717
2022-08-03,26288169966
2022-08-04,25120229769
2022-08-05,28881249043
2022-08-06,15978259885
2022-08-07,15886817043
2022-08-08,28575544847
2022-08-09,23555719219
2022-08-10,32837431722
2022-08-11,37127036580
2022-08-12,27265804688
2022-08-13,22987346289
2022-08-14,22994133555
2022-08-15,35123501685
2022-08-16,27753685646
2022-08-17,30931623076
2022-08-18,23747613147
2022-08-19,40509610260
2022-08-20,27595671000
2022-08-21,23102307723
2022-08-22,31666498758
2022-08-23,31878280659
2022-08-24,31962253368
2022-08-25,31028679593
2022-08-26,42326789564
2022-08-27,30116729776
2022-08-28,24366810591
2022-08-29,32637854078
2022-08-30,34483360283
2022-08-31,33225232872
2022-09-01,30182031010
2022-09-02,29123998928
2022-09-03,23613051457
2022-09-04,25245861652
2022-09-05,28813460025
2022-09-06,43403978910
2022-09-07,35239757134
2022-09-08,32194477850
2022-09-09,48469528171
2022-09-10,36913738894
2022-09-11,34493951963
2022-09-12,50212088965
2022-09-13,51091116622
2022-09-14,37872380889
2022-09-15,36389011503
2022-09-16,30123362273
2022-09-17,24957448100
2022-09-18,31254779144
2022-09-19,40177002624
2022-09-20,36791346508
2022-09-21,46363793975
2022-09-22,41135767926
2022-09-23,38896078052
2022-09-24,26149643168
2022-09-25,23359966112
2022-09-26,44148798321
2022-09-27,58571439619
2022-09-28,53071298734
2022-09-29,41037843771
2022-09-30,43975248085
2022-10-01,18719537670
2022-10-02,20765955327
2022-10-03,30484729489
2022-10-04,35887278685
2022-10-05,33223790572
2022-10-06,34711412966
2022-10-07,29227315390
2022-10-08,16437423167
2022-10-09,16837262532
2022-10-10,27425022774
2022-10-11,28711532910
2022-10-12,24950173846
2022-10-13,44219840004
2022-10-14,38452356727
2022-10-15,16192235532
2022-10-16,17988916650
2022-10-17,27472552998
2022-10-18,30580012344
2022-10-19,22425387184
2022-10-20,24493974420
2022-10-21,32459287866
2022-10-22,16104440957
2022-10-23,22128794335
2022-10-24,30202235805
2022-10-25,47761524910
2022-10-26,58895950537
2022-10-27,49625110402
2022-10-28,43994715910
2022-10-29,40369840645
2022-10-30,31486345556
2022-10-31,45668466815
2022-11-01,39819303159
2022-11-02,55552169483
2022-11-03,43228750179
2022-11-04,64072727950
2022-11-05,37846047609
2022-11-06,35082693210
2022-11-07,53510852236
2022-11-08,118992465607
2022-11-09,102905151606
2022-11-10,83202283721
2022-11-11,55871616488
2022-11-12,29717699419
2022-11-13,27209183682
2022-11-14,49630243054
2022-11-15,36599436183
2022-11-16,33925512989
2022-11-17,27868914022
2022-11-18,26862218609
2022-11-19,16106223492
2022-11-20,21313378652
2022-11-21,37429485518
2022-11-22,30726828760
2022-11-23,32958875628
2022-11-24,26129037414
2022-11-25,18678255976
2022-11-26,18000008764
2022-11-27,20443898509
2022-11-28,27743025156
2022-11-29,23581685468
2022-11-30,29523576583
2022-12-01,22895392882
2022-12-02,19539705127
2022-12-03,16217776704
2022-12-04,16824520830
2022-12-05,22209086834
2022-12-06,19889922369
2022-12-07,19675404389
2022-12-08,20496603770
2022-12-09,20328426366
2022-12-10,12706781969
2022-12-11,14122486832
2022-12-12,19617581341
2022-12-13,26634741631
2022-12-14,25534481470
2022-12-15,20964448341
2022-12-16,24031608960
2022-12-17,14463581825
2022-12-18,10924354698
2022-12-19,17221074814
2022-12-20,22722096615
2022-12-21,14882945045
2022-12-22,16441573050
2022-12-23,15329265213
2022-12-24,9744636213
2022-12-25,11656379938
2022-12-26,11886957804
2022-12-27,15748580239
2022-12-28,17005713920
2022-12-29,14472237479
2022-12-30,15929162910
2022-12-31,11239186456
2023-01-01,9244361700
2023-01-02,12097775227
2023-01-03,13903079207
2023-01-04,18421743322
2023-01-05,13692758566
2023-01-06,14413662913
2023-01-07,7714767174
2023-01-08,9768827914
2023-01-09,18624736866
2023-01-10,15808338949
2023-01-11,18372283782
2023-01-12,34971338710
2023-01-13,29225029694
2023-01-14,38967784639
2023-01-15,19298407543
2023-01-16,26792494050
2023-01-17,24999983362
2023-01-18,30005625418
2023-01-19,21152848261
2023-01-20,28799154319
2023-01-21,32442278429
2023-01-22,24746386230
2023-01-23,26518700512
2023-01-24,26405069715
2023-01-25,30685366709
2023-01-26,26357839322
2023-01-27,25383335641
2023-01-28,14712928379
2023-01-29,27423687259
2023-01-30,27205595568
2023-01-31,22837828665
2023-02-01,26683255504
2023-02-02,32066936882
2023-02-03,27083066007
2023-02-04,15639298538
2023-02-05,19564262605
2023-02-06,23825006542
2023-02-07,27187964471
2023-02-08,25371367758
2023-02-09,32572572185
2023-02-10,27078406594
2023-02-11,16356226232
2023-02-12,17821046406
2023-02-13,23918742607
2023-02-14,26792596581
2023-02-15,32483312909
2023-02-16,39316664596
2023-02-17,41358451255
2023-02-18,19625427158
2023-02-19,25555105670
2023-02-20,28987376573
2023-02-21,31252098714
2023-02-22,30199996781
2023-02-23,30476264066
2023-02-24,26811744928
2023-02-25,16100721565
2023-02-26,16644534842
2023-02-27,22660763494
2023-02-28,20535363434
2023-03-01,24662841200
2023-03-02,20386398516
2023-03-03,26062404610
2023-03-04,11166012913
2023-03-05,13317001733
2023-03-06,17353192895
2023-03-07,22765452204
2023-03-08,22536575684
2023-03-09,30364664171
2023-03-10,39578257695
2023-03-11,30180288176
2023-03-12,29279035521
2023-03-13,49466362688
2023-03-14,54622230164
2023-03-15,43655701450
2023-03-16,33866061747
2023-03-17,50730261335
2023-03-18,35723036817
2023-03-19,37769448859
2023-03-20,44774027664
2023-03-21,36102192830
2023-03-22,33382021890
2023-03-23,24220433689
2023-03-24,25980310960
2023-03-25,13383005987
2023-03-26,13878363192
2023-03-27,18188895178
2023-03-28,17783600385
2023-03-29,20684945906
2023-03-30,22435349951
2023-03-31,19001327598
2023-04-01,10876469901
2023-04-02,12284641999
2023-04-03,19556501327
2023-04-04,15284538859
2023-04-05,17052315986
2023-04-06,13837809380
2023-04-07,10861680497
2023-04-08,9373255556
2023-04-09,12175322951
2023-04-10,19282400094
2023-04-11,20121259843
2023-04-12,18651929926
2023-04-13,17487721001
2023-04-14,22659995079
2023-04-15,11940685378
2023-04-16,12854816417
2023-04-17,17872186762
2023-04-18,19480529496
2023-04-19,24571565421
2023-04-20,21340360360
2023-04-21,20759504330
2023-04-22,13125734602
2023-04-23,12785446832
2023-04-24,17703288330
2023-04-25,17733373139
2023-04-26,31854242019
2023-04-27,27153445027
2023-04-28,17544464887
2023-04-29,10662634333
2023-04-30,14652199272
2023-05-01,18655599976
2023-05-02,16432924527
2023-05-03,19122972518
2023-05-04,15548678514
2023-05-05,17936566518
2023-05-06,15913866714
2023-05-07,11301355486
2023-05-08,19122903752
2023-05-09,14128593256
2023-05-10,20656025026
2023-05-11,16724343943
2023-05-12,19313599897
2023-05-13,9999171605
2023-05-14,10014858959
2023-05-15,14413231792
2023-05-16,12732238816
2023-05-17,15140006925
2023-05-18,15222938600
2023-05-19,11258983301
2023-05-20,7044911360
2023-05-21,8647416921
2023-05-22,11056770492
2023-05-23,13697203143
2023-05-24,16299104428
2023-05-25,13851122697
2023-05-26,12711619225
2023-05-27,7892015141
2023-05-28,14545229578
2023-05-29,15181308984
2023-05-30,13251081851
2023-05-31,15656371534
2023-06-01,14678970415
2023-06-02,14837415000
2023-06-03,8385597470
2023-06-04,9360912318
2023-06-05,21513292646
2023-06-06,21929670693
2023-06-07,19530045082
2023-06-08,11904824295
2023-06-09,11015551640
2023-06-10,19872933189
2023-06-11,10732609603
2023-06-12,11677889997
2023-06-13,14143474486
2023-06-14,14265717766
2023-06-15,15837384409
2023-06-16,16324646965
2023-06-17,11090276850
2023-06-18,9565695129
2023-06-19,12826986222
2023-06-20,22211859147
2023-06-21,33346760979
2023-06-22,20653160491
2023-06-23,24115570085
2023-06-24,12147822496
2023-06-25,12703464114
2023-06-26,16493186997
2023-06-27,16428827944
2023-06-28,14571500779
2023-06-29,13180860821
2023-06-30,26387306197
2023-07-01,9086606733
2023-07-02,10533418042
2023-07-03,15271884873
2023-07-04,12810828427
2023-07-05,12481622280
2023-07-06,21129219509
2023-07-07,13384770155
2023-07-08,7509378699
2023-07-09,7903327692
2023-07-10,14828209155
2023-07-11,12151839152
2023-07-12,14805659717
2023-07-13,23686079548
2023-07-14,20917902660
2023-07-15,8011667756
2023-07-16,8516564470
2023-07-17,13240156074
2023-07-18,13138897269
2023-07-19,12128602812
2023-07-20,14655207121
2023-07-21,10972789818
2023-07-22,7873300598
2023-07-23,9220145050
2023-07-24,15395817395
2023-07-25,10266772793
2023-07-26,13497554655
2023-07-27,10770779217
2023-07-28,11218474952
2023-07-29,6481775959
2023-07-30,8678454527
2023-07-31,11656781982
2023-08-01,18272392391
2023-08-02,19212655598
2023-08-03,12780357746
2023-08-04,12036639988
2023-08-05,6598366353
2023-08-06,7269806994
2023-08-07,13618163710
2023-08-08,17570561357
2023-08-09,18379521213
2023-08-10,11865344789
2023-08-11,10195168197
2023-08-12,6194358008
2023-08-13,7329897180
2023-08-14,14013695304
2023-08-15,12640195779
2023-08-16,14949271904
2023-08-17,31120851211
2023-08-18,24026236529
2023-08-19,10631443812
2023-08-20,9036580420
2023-08-21,13371557893
2023-08-22,14503820706
2023-08-23,16985265785
2023-08-24,12871532023
2023-08-25,12406045118
2023-08-26,6034817316
2023-08-27,6913768611
2023-08-28,11002805166
2023-08-29,29368391712
2023-08-30,16343655235
2023-08-31,20181001451
2023-09-01,17202862221
2023-09-02,10100387473
2023-09-03,8962524523
2023-09-04,10680635106
2023-09-05,11094740040
2023-09-06,12752705327
2023-09-07,11088307100
2023-09-08,10817356400
2023-09-09,5481314132
2023-09-10,7899553047
2023-09-11,14600006467
2023-09-12,18657279324
2023-09-13,13072077070
2023-09-14,13811359124
2023-09-15,11479735788
2023-09-16,7402031417
2023-09-17,6774210670
2023-09-18,15615339655
2023-09-19,13807690550
2023-09-20,13281116604
2023-09-21,13371443708
2023-09-22,10578746709
2023-09-23,7404700301
2023-09-24,8192867686
2023-09-25,11997833257
2023-09-26,9985498161
2023-09-27,11718380997
2023-09-28,14079002707
2023-09-29,10396435377
2023-09-30,5331172801
2023-10-01,9503917434
2023-10-02,19793041322
2023-10-03,11407814187
2023-10-04,11143355314
2023-10-05,11877253670
2023-10-06,13492391599
2023-10-07,6553044316
2023-10-08,7916875290
2023-10-09,12007668568
2023-10-10,9973350678
2023-10-11,13648094333
2023-10-12,9392909295
2023-10-13,15165312851
2023-10-14,5388116782
2023-10-15,7098201980
2023-10-16,27833876539
2023-10-17,14872527508
2023-10-18,12724128586
2023-10-19,14448058195
2023-10-20,21536125230
2023-10-21,11541146996
2023-10-22,10446520040
2023-10-23,38363572311
2023-10-24,44934999645
2023-10-25,25254318008
2023-10-26,19427195376
2023-10-27,16418032871
2023-10-28,10160330825
2023-10-29,11160323986
2023-10-30,17184860315
2023-10-31,15758270810
2023-11-01,22446272005
2023-11-02,20998158544
2023-11-03,17158456701
2023-11-04,9561294264
2023-11-05,12412743996
2023-11-06,12693436420
2023-11-07,18834737789
2023-11-08,17295394918
2023-11-09,37762672382
2023-11-10,22711265155
2023-11-11,13924272142
2023-11-12,11545715999
2023-11-13,19057712790
2023-11-14,23857403554
2023-11-15,27365821679
2023-11-16,26007385366
2023-11-17,22445028430
2023-11-18,11886022717
2023-11-19,12915986553
2023-11-20,20888209068
2023-11-21,25172163756
2023-11-22,24397247860
2023-11-23,14214948217
2023-11-24,22922957823
2023-11-25,9099571165
2023-11-26,13744796068
2023-11-27,19002925720
2023-11-28,21696137014
2023-11-29,20728546658
2023-11-30,18115982627
2023-12-01,23512784002
2023-12-02,15534035612
2023-12-03,15769696322
2023-12-04,39856129827
2023-12-05,36312154535
2023-12-06,29909761586
2023-12-07,27635760671
2023-12-08,24421116687
2023-12-09,17368210171
2023-12-10,13000481418
2023-12-11,40632672038
2023-12-12,24779520132
2023-12-13,26797884674
2023-12-14,25578530178
2023-12-15,19639442462
2023-12-16,14386729590
2023-12-17,16678702876
2023-12-18,25224642008
2023-12-19,23171001281
2023-12-20,27868908174
2023-12-21,22452766169
2023-12-22,21028503216
2023-12-23,13507796558
2023-12-24,18830554085
2023-12-25,21115795370
2023-12-26,30026850982
2023-12-27,25260941032
2023-12-28,22992093014
2023-12-29,26000021055
2023-12-30,16013925945
2023-12-31,16397498810
2024-01-01,18426978443
2024-01-02,39335274536
2024-01-03,46342323118
2024-01-04,30448091210
2024-01-05,32336029347
2024-01-06,16092503468
2024-01-07,19330573863
2024-01-08,42746192015
2024-01-09,39821290992
2024-01-10,50114613298
2024-01-11,45833734549
2024-01-12,43332698900
2024-01-13,20601860469
2024-01-14,17521429522
2024-01-15,22320220558
2024-01-16,24062872740
2024-01-17,20851232595
2024-01-18,25218357242
2024-01-19,25752407154
2024-01-20,11586690904
2024-01-21,9344043642
2024-01-22,31338708143
2024-01-23,29244553045
2024-01-24,22359526178
2024-01-25,18491782013
2024-01-26,25598119893
2024-01-27,11422941934
2024-01-28,16858971687
2024-01-29,20668476578
2024-01-30,23842814518
2024-01-31,24673628793
2024-02-01,21423953779
2024-02-02,18603843039
2024-02-03,11169245236
2024-02-04,14802225490
2024-02-05,18715487317
2024-02-06,16798476726
2024-02-07,21126587775
2024-02-08,26154524080
2024-02-09,39316770844
2024-02-10,16398681570
2024-02-11,19315867136
2024-02-12,34511985805
2024-02-13,35593051468
2024-02-14,39105608050
2024-02-15,38564360533
2024-02-16,28180567298
2024-02-17,20009091006
2024-02-18,17595377311
2024-02-19,21362184346
2024-02-20,33353758256
2024-02-21,28624907020
2024-02-22,25413900611
2024-02-23,21427078270
2024-02-24,15174077879
2024-02-25,15413239245
2024-02-26,34074411896
2024-02-27,49756832031
2024-02-28,83239156760
2024-02-29,65496611844
2024-03-01,40186368423
2024-03-02,23888473685
2024-03-03,26253811450
2024-03-04,70670471105
2024-03-05,102802940877
2024-03-06,68750229073
2024-03-07,46989543159
2024-03-08,59202881172
2024-03-09,21609650379
2024-03-10,35683977532
2024-03-11,65716656765
2024-03-12,62554434520
2024-03-13,48212536929
2024-03-14,59594605698
2024-03-15,78320453976
2024-03-16,46842198371
2024-03-17,44716864318
2024-03-18,49261579492
2024-03-19,74215844794
2024-03-20,66792634382
2024-03-21,44480350565
2024-03-22,41401116964
2024-03-23,24738964812
2024-03-24,27206630673
2024-03-25,42700139523
2024-03-26,36010437368
2024-03-27,40827113309
2024-03-28,34374900617
2024-03-29,25230851763
2024-03-30,17130241883
2024-03-31,20050941373
2024-04-01,34873527352
2024-04-02,50705240709
2024-04-03,34488018367
2024-04-04,34439527442
2024-04-05,33748230056
2024-04-06,19967785809
2024-04-07,21204930369
2024-04-08,37261432669
2024-04-09,36426900409
2024-04-10,38318601774
2024-04-11,30153382941
2024-04-12,44129299406
2024-04-13,52869738185
2024-04-14,49084320047
2024-04-15,43595917654
2024-04-16,42847528078
2024-04-17,41915247049
2024-04-18,36006307335
2024-04-19,49920425401
2024-04-20,23097485495
2024-04-21,20506644853
2024-04-22,28282686673
2024-04-23,24310975583
2024-04-24,30276655120
2024-04-25,32155786816
2024-04-26,24139372950
2024-04-27,19530783039
2024-04-28,17334827993
2024-04-29,26635912073
2024-04-30,37840840057
2024-05-01,48439780271
2024-05-02,32711813559
2024-05-03,33172023048
2024-05-04,20620477992
2024-05-05,18296164805
2024-05-06,28697928697
2024-05-07,25930730982
2024-05-08,26088172222
2024-05-09,25453338161
2024-05-10,27804954694
2024-05-11,13842272968
2024-05-12,13800459405
2024-05-13,27889181179
2024-05-14,28186271527
2024-05-15,39815167074
2024-05-16,31573077994
2024-05-17,28031279310
2024-05-18,16712277406
2024-05-19,19249094538
2024-05-20,43850655717
2024-05-21,46932005990
2024-05-22,32802561717
2024-05-23,41895680979
2024-05-24,29197308153
2024-05-25,15473071741
2024-05-26,15628433737
2024-05-27,25870990717
2024-05-28,32722265965
2024-05-29,26707072906
2024-05-30,29509712534
2024-05-31,27387283769
2024-06-01,11641495604
2024-06-02,17110588415
2024-06-03,32401285324
2024-06-04,33149696545
2024-06-05,32810771409
2024-06-06,25223152007
2024-06-07,36188381096
2024-06-08,14262185861
2024-06-09,13534028500
2024-06-10,20597699541
2024-06-11,37116136345
2024-06-12,34497940694
2024-06-13,28955204146
2024-06-14,27403884779
2024-06-15,14121265576
2024-06-16,13281140541
2024-06-17,30006354476
2024-06-18,39481285950
2024-06-19,21103423504
2024-06-20,25641109124
2024-06-21,26188171739
2024-06-22,9858198793
2024-06-23,11170471802
2024-06-24,43152133651
2024-06-25,29201215431
2024-06-26,22506003064
2024-06-27,21231745045
2024-06-28,24952866877
2024-06-29,12652903396
2024-06-30,17333226409
2024-07-01,25468379421
2024-07-02,20151616992
2024-07-03,29756701685
2024-07-04,41149609230
2024-07-05,55417544033
2024-07-06,20610320577
2024-07-07,20553359505
2024-07-08,39766159899
2024-07-09,27849512607
2024-07-10,26175260526
2024-07-11,28707803842
2024-07-12,25604805221
2024-07-13,17080061806
2024-07-14,22223416061
2024-07-15,38094526099
2024-07-16,41617346768
2024-07-17,32525071311
2024-07-18,27239305337
2024-07-19,37003855410
2024-07-20,19029581250
2024-07-21,26652190004
2024-07-22,42649109453
2024-07-23,35605668666
2024-07-24,27470942309
2024-07-25,38315761670
2024-07-26,30488630457
2024-07-27,34691905492
2024-07-28,18043166945
2024-07-29,40780682628
2024-07-30,31380492109
2024-07-31,31292785994
2024-08-01,40975554494
2024-08-02,43060875727
2024-08-03,31753030589
2024-08-04,31758917219
2024-08-05,108991085584
2024-08-06,49300484106
2024-08-07,41637562185
2024-08-08,45298472567
2024-08-09,33425553115
2024-08-10,15745822278
2024-08-11,22759754812
2024-08-12,37078637820
2024-08-13,30327698167
2024-08-14,29961696180
2024-08-15,35682112440
2024-08-16,29350938673
2024-08-17,13589684021
2024-08-18,17740625837
2024-08-19,25911207712
2024-08-20,31613400008
2024-08-21,32731154072
2024-08-22,27625734377
2024-08-23,42530509233
2024-08-24,21430585163
2024-08-25,18827683555
2024-08-26,27682040631
2024-08-27,39103882198
2024-08-28,40289564698
2024-08-29,32224990582
2024-08-30,32292756405
2024-08-31,12403470760
2024-09-01,24592449997
2024-09-02,27036454524
2024-09-03,26666961053
2024-09-04,35627680312
2024-09-05,31030280656
2024-09-06,49361693566
2024-09-07,19061486526
2024-09-08,18268287531
2024-09-09,34618096173
2024-09-10,28857630507
2024-09-11,37049062672
2024-09-12,33835707949
2024-09-13,32490528356
2024-09-14,16428405496
2024-09-15,18120960867
2024-09-16,32032822113
2024-09-17,38075570118
2024-09-18,40990702891
2024-09-19,42710252573
2024-09-20,35177164222
2024-09-21,14408616220
2024-09-22,20183348802
2024-09-23,31400285425
2024-09-24,29938335243
2024-09-25,25078377700
2024-09-26,36873129847
2024-09-27,32058813449
2024-09-28,15243637984
2024-09-29,14788214575
2024-09-30,37112957475
2024-10-01,50220923500
2024-10-02,40762722398
2024-10-03,36106447279
2024-10-04,29585472513
2024-10-05,13305410749
2024-10-06,14776233667
2024-10-07,34253562610
2024-10-08,28134475157
2024-10-09,27670982363
2024-10-10,30452813570
2024-10-11,30327141594
2024-10-12,16744110886
2024-10-13,18177529690
2024-10-14,43706958056
2024-10-15,48863870879
2024-10-16,38195189534
2024-10-17,32790898511
2024-10-18,36857165014
2024-10-19,14443497908
2024-10-20,18975847518
2024-10-21,37498611780
2024-10-22,31808472566
2024-10-23,32263980353
2024-10-24,31414428647
2024-10-25,41469984306
2024-10-26,19588098156
2024-10-27,16721307878
2024-10-28,38799856657
2024-10-29,58541874402
2024-10-30,40646637831
2024-10-31,40627912076
2024-11-01,49989795365
2024-11-02,18184612091
2024-11-03,34868307655
2024-11-04,41184819348
2024-11-05,46046889204
2024-11-06,118592653963
2024-11-07,63467654989
2024-11-08,55176858003
2024-11-09,29009480361
2024-11-10,82570594495
2024-11-11,117966845037
2024-11-12,133673285375
2024-11-13,123559027869
2024-11-14,87616705248
2024-11-15,78243109518
2024-11-16,44333192814
2024-11-17,46350159305
2024-11-18,75535775084
2024-11-19,74521048295
2024-11-20,71730956426
2024-11-21,106024505582
2024-11-22,78473580551
2024-11-23,44414644677
2024-11-24,51712020623
2024-11-25,80909462490
2024-11-26,91656519855
2024-11-27,71133452438
2024-11-28,52260008261
2024-11-29,54968682476
2024-11-30,31634227866
2024-12-01,36590695296
2024-12-02,72680784305
2024-12-03,67067810961
2024-12-04,77199817112
2024-12-05,149218945580
2024-12-06,94534772658
2024-12-07,44177510897
2024-12-08,44125751925
2024-12-09,110676473908
2024-12-10,104823780634
2024-12-11,85391409936
2024-12-12,72073983533
2024-12-13,56894751583
2024-12-14,40422968793
2024-12-15,51145914137
2024-12-16,91020417816
2024-12-17,68589364868
2024-12-18,93865656139
2024-12-19,97221662392
2024-12-20,105634083408
2024-12-21,51765334294
2024-12-22,43147981314
2024-12-23,65239002919
2024-12-24,47114953674
2024-12-25,33700394629
2024-12-26,47054980873
2024-12-27,52419934565
2024-12-28,24107436185
2024-12-29,29635885267
2024-12-30,56188003691
2024-12-31,43625106843
2025-01-01,24519888919
2025-01-02,46009564411
2025-01-03,35611391163
2025-01-04,22342608078
2025-01-05,20525254825
2025-01-06,51823432705
2025-01-07,58685738547
2025-01-08,63875859171
2025-01-09,62777261693
2025-01-10,62058693684
2025-01-11,18860894100
2025-01-12,20885130965
2025-01-13,72978998252
2025-01-14,53769675818
2025-01-15,57805923627
2025-01-16,54103781805
2025-01-17,71888972663
2025-01-18,50445655726
2025-01-19,76789928525
2025-01-20,126279678351
2025-01-21,88733878242
2025-01-22,53878181052
2025-01-23,104104515428
2025-01-24,52388229265
2025-01-25,23888996502
2025-01-26,22543395879
2025-01-27,89006608428
2025-01-28,47180685494
2025-01-29,47432049818
2025-01-30,41915744521
2025-01-31,45732764360
2025-02-01,27757944848
2025-02-02,63091816853
2025-02-03,115400897748
2025-02-04,73002130211
2025-02-05,49125911241
2025-02-06,45302471947
2025-02-07,55741290456
2025-02-08,22447526395
2025-02-09,27732901800
2025-02-10,40078962391
2025-02-11,37488783272
2025-02-12,49340445530
2025-02-13,37147280860
2025-02-14,32697987277
2025-02-15,17047266288
2025-02-16,16536755396
2025-02-17,27336550690
2025-02-18,37325720482
2025-02-19,28990872862
2025-02-20,31668022771
2025-02-21,49608706470
2025-02-22,18353824477
2025-02-23,16999478976
2025-02-24,44046480529
2025-02-25,92139104128
2025-02-26,64597492134
2025-02-27,52659591954
2025-02-28,83610570576
2025-03-01,29190628396
2025-03-02,58398341092
2025-03-03,70072228536
2025-03-04,68095241474
2025-03-05,50498988027
2025-03-06,47749810486
2025-03-07,65945677657
2025-03-08,18206118081
2025-03-09,30899345977
2025-03-10,54061099422
2025-03-11,54702837196
2025-03-12,40353484454
2025-03-13,31412940153
2025-03-14,29588112414
2025-03-15,13650491277
2025-03-16,21330270174
2025-03-17,25092785558
2025-03-18,24095774594
2025-03-19,34931960257
2025-03-20,29028988961
2025-03-21,19030452299
2025-03-22,9863214091
2025-03-23,12594615537
2025-03-24,34582604933
2025-03-25,30005840049
2025-03-26,26704046038
2025-03-27,24413471941
2025-03-28,34198619509
2025-03-29,16969396135
2025-03-30,14763760943
2025-03-31,29004228247
2025-04-01,28175650319
2025-04-02,47584398470
2025-04-03,36852112080
2025-04-04,45157640207
2025-04-05,14380803631
2025-04-06,36294853736
2025-04-07,91262424987
2025-04-08,48314590749
2025-04-09,84213627038
2025-04-10,44718000633
2025-04-11,41656778779
2025-04-12,24258059104
2025-04-13,28796984817
2025-04-14,34090769777
2025-04-15,28040322885
2025-04-16,29617804112
2025-04-17,21276866029
2025-04-18,12728372364
2025-04-19,15259300427
2025-04-20,14664050812
2025-04-21,41396190190
2025-04-22,55899038456
2025-04-23,41719568821
2025-04-24,31483175315
2025-04-25,40915232364
2025-04-26,17612825123
2025-04-27,18090367764
2025-04-28,32363449569
2025-04-29,25806129921
2025-04-30,28344679831
2025-05-01,32875889623
2025-05-02,26421924677
2025-05-03,15775154889
2025-05-04,18198688416
2025-05-05,25816260327
2025-05-06,26551275827
2025-05-07,76983822462
2025-05-08,69895404397
2025-05-09,58198593958
2025-05-10,42276713994
2025-05-11,46285517406
2025-05-12,63250475404
2025-05-13,52608876410
2025-05-14,45956071155
2025-05-15,50408241840
2025-05-16,44386499364
2025-05-17,37898552742
2025-05-18,49887082058
2025-05-19,61761126647
2025-05-20,36515726122
2025-05-21,78086364051
2025-05-22,70157575642
2025-05-23,67548133399
2025-05-24,45903627163
2025-05-25,47518041841
2025-05-26,45950461571
2025-05-27,57450176272
2025-05-28,49155377493
2025-05-29,56022752042
2025-05-30,57655287183
2025-05-31,38997843858
2025-06-01,37397056873
2025-06-02,45819706290
2025-06-03,46196508367
2025-06-04,44544857105
2025-06-05,57479298400
2025-06-06,48856653697
2025-06-07,38365033776
2025-06-08,36626232328
2025-06-09,55903193732
2025-06-10,54700101509
2025-06-11,50842662052
2025-06-12,54843867968
2025-06-13,69550440846
2025-06-14,38007870453
2025-06-15,36744307742
2025-06-16,50366626945
2025-06-17,55964092176
2025-06-18,47318089133
2025-06-19,37333806920
2025-06-20,50951862476
2025-06-21,38360555118
2025-06-22,65536997201
2025-06-23,65237759656
2025-06-24,48822986421
2025-06-25,51624120283
2025-06-26,43891990613
2025-06-27,45353692675
2025-06-28,30037708335
2025-06-29,35534874438
2025-06-30,42064804590
2025-07-01,44110692247
2025-07-02,56248657737
2025-07-03,50494742270
2025-07-04,42616442656
2025-07-05,30615537520
2025-07-06,36746020463
2025-07-07,45415696597
2025-07-08,44282204127
2025-07-09,57927418065
2025-07-10,95911605728
2025-07-11,86928361085
2025-07-12,45524560304
2025-07-13,49021091807
2025-07-14,181746419401
2025-07-15,98321661181
2025-07-16,72162029070
2025-07-17,72363841798
2025-07-18,77945799785
2025-07-19,47564562765
2025-07-20,57515447231
2025-07-21,69820091744
2025-07-22,79217583118
2025-07-23,66608604537
2025-07-24,72627318560
2025-07-25,104857024569
2025-07-26,48508954046
2025-07-27,54683390892
2025-07-28,64822943193
2025-07-29,68463107433
2025-07-30,68896148592
2025-07-31,69370346018
2025-08-01,91294530181
2025-08-02,56870866000
2025-08-03,48099615826
2025-08-04,35783028986
2025-08-05,61039182286
2025-08-06,56379133510
2025-08-07,64051649681
2025-08-08,59713005166
2025-08-09,54004312429
2025-08-10,64755458694
2025-08-11,90528784177
2025-08-12,72803657984
2025-08-13,90904808795
2025-08-14,104055627395
2025-08-15,68665353159
2025-08-16,48036922378
2025-08-17,45852169525
2025-08-18,72787808090
2025-08-19,71657600353
2025-08-20,67993811526
2025-08-21,57817883700
2025-08-22,82528088240
2025-08-23,55377142586
2025-08-24,73961489632
2025-08-25,85706860190
2025-08-26,69396320317
2025-08-27,62137056409
2025-08-28,58860155962
2025-08-29,77843379644
2025-08-30,51486264208
2025-08-31,47986191770
2025-09-01,66870372995
2025-09-02,74776999491
2025-09-03,61119643565
2025-09-04,60131132901
2025-09-05,60241647677
2025-09-06,21500719036
2025-09-07,24618007520
2025-09-08,40212813407
2025-09-09,45984480722
2025-09-10,56377473784
2025-09-11,45685065332
2025-09-12,54785725894
2025-09-13,34549454947
2025-09-14,32798036057
2025-09-15,52937859416
2025-09-16,45781744593
2025-09-17,60528025996
2025-09-18,49457272032
2025-09-19,38828473971
2025-09-20,22864449614
2025-09-21,22495852193
2025-09-22,70684158591
2025-09-23,47211853279
2025-09-24,48044595085
2025-09-25,75528654284
2025-09-26,57738288949
2025-09-27,26308042910
2025-09-28,33371048505
2025-09-29,60000147466
2025-09-30,58986330258
2025-10-01,71328680132
2025-10-02,71415163912
2025-10-03,83941392228
2025-10-04,36769171735
2025-10-05,73689317763
2025-10-06,72568881188
2025-10-07,76149412513
2025-10-08,65354305286
2025-10-09,74653009425
2025-10-10,153125018868
2025-10-11,110236934340
2025-10-12,93710414091
2025-10-13,71582026739
2025-10-14,92212917403
2025-10-15,72574132855
2025-10-16,87306423067
2025-10-17,99703051669
2025-10-18,37779905278
2025-10-19,47657008953
2025-10-20,63507793085
2025-10-21,101194375480
2025-10-22,80807013218
2025-10-23,54944076060
2025-10-24,48160816980
2025-10-25,24707667305
2025-10-26,41708524143
2025-10-27,61761358733
2025-10-28,64528066504
2025-10-29,62192043469
2025-10-30,69673964814
2025-10-31,60090359560
2025-11-01,25871668762
2025-11-02,34284209459
2025-11-03,72852006359
2025-11-04,110967184773
2025-11-05,77584934804
2025-11-06,63932752861
2025-11-07,92168030081
2025-11-08,51446691095
2025-11-09,59679243013
2025-11-10,69585887229
2025-11-11,71130078574
2025-11-12,64347179408
2025-11-13,101546815416
2025-11-14,114346441890
2025-11-15,38500716654
2025-11-16,71086235862
2025-11-17,94186165724
2025-11-18,101333569062
2025-11-19,80350354656
2025-11-20,97970645638
2025-11-21,129157506112
2025-11-22,40793099246
2025-11-23,58083435576
2025-11-24,74433896110
2025-11-25,64837343545
2025-11-26,66496301869
2025-11-27,57040622845
2025-11-28,60895830289
2025-11-29,37921773455
2025-11-30,38497902869
2025-12-01,87962894424
2025-12-02,78546798211
2025-12-03,77650204986
2025-12-04,64538402681
2025-12-05,63256398633
2025-12-06,37994042405
2025-12-07,47394898960
2025-12-08,57394099056
2025-12-09,66861721440
2025-12-10,65420694513
2025-12-11,64532834621
2025-12-12,80275884583
2025-12-13,64237748110
2025-12-14,50465972205
2025-12-15,45559514323
2025-12-16,41262178223
2025-12-17,44243392914
2025-12-18,52667115348
2025-12-19,46733310561
2025-12-20,14688196659
2025-12-21,19845522660
2025-12-22,38047472118
2025-12-23,43683011533
2025-12-24,25550297986
2025-12-25,19953216347
2025-12-26,42455674908
2025-12-27,13741199310
2025-12-28,15156557929
2025-12-29,48411625849
2025-12-30,35586356225
2025-12-31,33830210616
