Asset,Model,Specification,Dependent_Variable,Predictors,Reddit_Activity,Reddit_Sentiment,Cross_Crypto_Return,Lag,Role,Purpose
Bitcoin,M1,Baseline controls only,BTC_Return,BTC_Lagged_Return; Lagged_Log_BTC_Volume; Lagged_SP500_Return_Aligned; Lagged_VIX_Change_Aligned; Lagged_Gold_Return_Aligned; Lagged_DXY_Return_Aligned; Lagged_US10Y_Change_Aligned,No,No,No,t-1,Primary,Benchmark explanatory model containing no Reddit variables.
Bitcoin,M2,Controls + Reddit activity,BTC_Return,BTC_Lagged_Return; Lagged_Log_BTC_Volume; Lagged_SP500_Return_Aligned; Lagged_VIX_Change_Aligned; Lagged_Gold_Return_Aligned; Lagged_DXY_Return_Aligned; Lagged_US10Y_Change_Aligned; Lagged_Log_BTC_Reddit_Post_Count,Yes,No,No,t-1,Primary,Tests whether Reddit activity or attention adds information beyond the baseline market controls.
Bitcoin,M3,Controls + Reddit sentiment,BTC_Return,BTC_Lagged_Return; Lagged_Log_BTC_Volume; Lagged_SP500_Return_Aligned; Lagged_VIX_Change_Aligned; Lagged_Gold_Return_Aligned; Lagged_DXY_Return_Aligned; Lagged_US10Y_Change_Aligned; Lagged_BTC_Reddit_Sentiment,No,Yes,No,t-1,Primary,Tests whether Reddit sentiment adds information beyond the baseline market controls.
Bitcoin,M4,Controls + Reddit activity + sentiment,BTC_Return,BTC_Lagged_Return; Lagged_Log_BTC_Volume; Lagged_SP500_Return_Aligned; Lagged_VIX_Change_Aligned; Lagged_Gold_Return_Aligned; Lagged_DXY_Return_Aligned; Lagged_US10Y_Change_Aligned; Lagged_Log_BTC_Reddit_Post_Count; Lagged_BTC_Reddit_Sentiment,Yes,Yes,No,t-1,Primary,Tests whether Reddit sentiment remains informative after separately controlling for Reddit activity.
Bitcoin,R1,Controls + cross-crypto return,BTC_Return,BTC_Lagged_Return; Lagged_Log_BTC_Volume; Lagged_SP500_Return_Aligned; Lagged_VIX_Change_Aligned; Lagged_Gold_Return_Aligned; Lagged_DXY_Return_Aligned; Lagged_US10Y_Change_Aligned; ETH_Lagged_Return,No,No,Yes,t-1,Robustness,Tests baseline robustness after controlling for the other cryptocurrency's lagged return.
Bitcoin,R2,Controls + Reddit activity + sentiment + cross-crypto return,BTC_Return,BTC_Lagged_Return; Lagged_Log_BTC_Volume; Lagged_SP500_Return_Aligned; Lagged_VIX_Change_Aligned; Lagged_Gold_Return_Aligned; Lagged_DXY_Return_Aligned; Lagged_US10Y_Change_Aligned; Lagged_Log_BTC_Reddit_Post_Count; Lagged_BTC_Reddit_Sentiment; ETH_Lagged_Return,Yes,Yes,Yes,t-1,Robustness,Tests whether the full Reddit result survives control for cross-cryptocurrency return dynamics.
Ethereum,M1,Baseline controls only,ETH_Return,ETH_Lagged_Return; Lagged_Log_ETH_Volume; Lagged_SP500_Return_Aligned; Lagged_VIX_Change_Aligned; Lagged_Gold_Return_Aligned; Lagged_DXY_Return_Aligned; Lagged_US10Y_Change_Aligned,No,No,No,t-1,Primary,Benchmark explanatory model containing no Reddit variables.
Ethereum,M2,Controls + Reddit activity,ETH_Return,ETH_Lagged_Return; Lagged_Log_ETH_Volume; Lagged_SP500_Return_Aligned; Lagged_VIX_Change_Aligned; Lagged_Gold_Return_Aligned; Lagged_DXY_Return_Aligned; Lagged_US10Y_Change_Aligned; Lagged_Log_ETH_Reddit_Post_Count,Yes,No,No,t-1,Primary,Tests whether Reddit activity or attention adds information beyond the baseline market controls.
Ethereum,M3,Controls + Reddit sentiment,ETH_Return,ETH_Lagged_Return; Lagged_Log_ETH_Volume; Lagged_SP500_Return_Aligned; Lagged_VIX_Change_Aligned; Lagged_Gold_Return_Aligned; Lagged_DXY_Return_Aligned; Lagged_US10Y_Change_Aligned; Lagged_ETH_Reddit_Sentiment,No,Yes,No,t-1,Primary,Tests whether Reddit sentiment adds information beyond the baseline market controls.
Ethereum,M4,Controls + Reddit activity + sentiment,ETH_Return,ETH_Lagged_Return; Lagged_Log_ETH_Volume; Lagged_SP500_Return_Aligned; Lagged_VIX_Change_Aligned; Lagged_Gold_Return_Aligned; Lagged_DXY_Return_Aligned; Lagged_US10Y_Change_Aligned; Lagged_Log_ETH_Reddit_Post_Count; Lagged_ETH_Reddit_Sentiment,Yes,Yes,No,t-1,Primary,Tests whether Reddit sentiment remains informative after separately controlling for Reddit activity.
Ethereum,R1,Controls + cross-crypto return,ETH_Return,ETH_Lagged_Return; Lagged_Log_ETH_Volume; Lagged_SP500_Return_Aligned; Lagged_VIX_Change_Aligned; Lagged_Gold_Return_Aligned; Lagged_DXY_Return_Aligned; Lagged_US10Y_Change_Aligned; BTC_Lagged_Return,No,No,Yes,t-1,Robustness,Tests baseline robustness after controlling for the other cryptocurrency's lagged return.
Ethereum,R2,Controls + Reddit activity + sentiment + cross-crypto return,ETH_Return,ETH_Lagged_Return; Lagged_Log_ETH_Volume; Lagged_SP500_Return_Aligned; Lagged_VIX_Change_Aligned; Lagged_Gold_Return_Aligned; Lagged_DXY_Return_Aligned; Lagged_US10Y_Change_Aligned; Lagged_Log_ETH_Reddit_Post_Count; Lagged_ETH_Reddit_Sentiment; BTC_Lagged_Return,Yes,Yes,Yes,t-1,Robustness,Tests whether the full Reddit result survives control for cross-cryptocurrency return dynamics.
