Asset,Window_Start,Window_End,N,R_Squared,Adjusted_R_Squared,HAC_Maxlags
BTC,2021-01-06,2022-01-05,365,0.01795977417381711,-0.0012959165286570151,7
BTC,2021-01-13,2022-01-12,365,0.026061903272928788,0.006965077846907808,7
BTC,2021-01-20,2022-01-19,365,0.029115918673718655,0.010078975902615195,7
BTC,2021-01-27,2022-01-26,365,0.032109769229095475,0.01313152941005824,7
BTC,2021-02-03,2022-02-02,365,0.029707651320000195,0.010682311149804224,7
BTC,2021-02-10,2022-02-09,365,0.026095868229102703,0.006999708782614578,7
BTC,2021-02-17,2022-02-16,365,0.0239627414773953,0.0048247560161678305,7
BTC,2021-02-24,2022-02-23,365,0.0261048570178819,0.007008873822154205,7
BTC,2021-03-03,2022-03-02,365,0.02082514453395079,0.0016256375640283371,7
BTC,2021-03-10,2022-03-09,365,0.01500926824767912,-0.004304275512170275,7
BTC,2021-03-17,2022-03-16,365,0.017119830655738855,-0.0021523295274819,7
BTC,2021-03-24,2022-03-23,365,0.01948085236307817,0.00025498672313861714,7
BTC,2021-03-31,2022-03-30,365,0.019617845322158822,0.00039466581867175776,7
BTC,2021-04-07,2022-04-06,365,0.018923320699654522,-0.0003134769336854415,7
BTC,2021-04-14,2022-04-13,365,0.017268892266710134,-0.002000345139824944,7
BTC,2021-04-21,2022-04-20,365,0.02001867648286404,0.0008033564139006133,7
BTC,2021-04-28,2022-04-27,365,0.02479058734004358,0.0056688341506326845,7
BTC,2021-05-05,2022-05-04,365,0.021610087384738796,0.0024259714511063457,7
BTC,2021-05-12,2022-05-11,365,0.022781774104665864,0.003620632420443748,7
BTC,2021-05-19,2022-05-18,365,0.021074284352248007,0.0018796624768019354,7
BTC,2021-05-26,2022-05-25,365,0.008898871727405666,-0.01053448372891963,7
BTC,2021-06-02,2022-06-01,365,0.009366765189505188,-0.010057415885210252,7
BTC,2021-06-09,2022-06-08,365,0.006189563121745789,-0.013296916032729644,7
BTC,2021-06-16,2022-06-15,365,0.011115713350258294,-0.008274174623265962,7
BTC,2021-06-23,2022-06-22,365,0.006110754435344035,-0.013377269987492335,7
BTC,2021-06-30,2022-06-29,365,0.007726380077485939,-0.011729965411190646,7
BTC,2021-07-07,2022-07-06,365,0.008967258630860897,-0.01046475590578888,7
BTC,2021-07-14,2022-07-13,365,0.008926298579890912,-0.0105065190950131,7
BTC,2021-07-21,2022-07-20,365,0.009597100279289283,-0.00982256442111673,7
BTC,2021-07-28,2022-07-27,365,0.007151314810044274,-0.012316306468190152,7
BTC,2021-08-04,2022-08-03,365,0.0073252381408150935,-0.012138972876031495,7
BTC,2021-08-11,2022-08-10,365,0.00866748064011702,-0.010770411896351195,7
BTC,2021-08-18,2022-08-17,365,0.00899340127741377,-0.01043810065832318,7
BTC,2021-08-25,2022-08-24,365,0.009258514448468924,-0.010167789189796217,7
BTC,2021-09-01,2022-08-31,365,0.008530201933787618,-0.010910382342020464,7
BTC,2021-09-08,2022-09-07,365,0.00765072891995755,-0.011807099924749043,7
BTC,2021-09-15,2022-09-14,365,0.008040092347226357,-0.01141010192047509,7
BTC,2021-09-22,2022-09-21,365,0.010222980136990634,-0.009184412409342757,7
BTC,2021-09-29,2022-09-28,365,0.01148013465339881,-0.00790260780437757,7
BTC,2021-10-06,2022-10-05,365,0.015069507992573006,-0.004242854595807755,7
BTC,2021-10-13,2022-10-12,365,0.01761482502106959,-0.0016476293902818462,7
BTC,2021-10-20,2022-10-19,365,0.018462183895088025,-0.0007836556363807201,7
BTC,2021-10-27,2022-10-26,365,0.01841493006309003,-0.0008318360141041925,7
BTC,2021-11-03,2022-11-02,365,0.019079419349144477,-0.00015431752636252405,7
BTC,2021-11-10,2022-11-09,365,0.02747237297507621,0.008403203817724858,7
BTC,2021-11-17,2022-11-16,365,0.021339353521489746,0.002149929080734747,7
BTC,2021-11-24,2022-11-23,365,0.019175594155360076,-5.625693963273726e-05,7
BTC,2021-12-01,2022-11-30,365,0.01598934371456795,-0.0033049828792639513,7
BTC,2021-12-08,2022-12-07,365,0.016871615876742685,-0.002405411262929036,7
BTC,2021-12-15,2022-12-14,365,0.01801532050310195,-0.0012392810556607348,7
BTC,2021-12-22,2022-12-21,365,0.016139808353927365,-0.003151567952858203,7
BTC,2021-12-29,2022-12-28,365,0.016590819553249037,-0.0026917133966872786,7
BTC,2022-01-05,2023-01-04,365,0.017141231757162423,-0.00213050879661858,7
BTC,2022-01-12,2023-01-11,365,0.017537560784315454,-0.001726408612070518,7
BTC,2022-01-19,2023-01-18,365,0.015120528341162509,-0.004190833848226383,7
BTC,2022-01-26,2023-01-25,365,0.01729007392977555,-0.0019787481500326276,7
BTC,2022-02-02,2023-02-01,365,0.018155241359944285,-0.001096616652605853,7
BTC,2022-02-09,2023-02-08,365,0.01724796547258678,-0.0020216822632448395,7
BTC,2022-02-16,2023-02-15,365,0.015641767244191862,-0.0036593745745494566,7
BTC,2022-02-23,2023-02-22,365,0.019440171108274895,0.0002135077966725074,7
BTC,2022-03-02,2023-03-01,365,0.02143225190179754,0.002244648997911325,7
BTC,2022-03-09,2023-03-08,365,0.023471471845322056,0.004323853646210796,7
BTC,2022-03-16,2023-03-15,365,0.02049739788533722,0.0012914645105399636,7
BTC,2022-03-23,2023-03-22,365,0.019751012419076508,0.0005304440351369122,7
BTC,2022-03-30,2023-03-29,365,0.021791067614802095,0.002610500313131592,7
BTC,2022-04-06,2023-04-05,365,0.020526680974812472,0.001321321778240181,7
BTC,2022-04-13,2023-04-12,365,0.020623582512619865,0.0014201233462006746,7
BTC,2022-04-20,2023-04-19,365,0.01978315324929314,0.0005632150777107325,7
BTC,2022-04-27,2023-04-26,365,0.020006282995316482,0.0007907199167933587,7
BTC,2022-05-04,2023-05-03,365,0.015783927905248074,-0.0035144264495510225,7
BTC,2022-05-11,2023-05-10,365,0.012089454742069794,-0.007281340262987657,7
BTC,2022-05-18,2023-05-17,365,0.01097133302659381,-0.008421385933669034,7
BTC,2022-05-25,2023-05-24,365,0.00915553441349004,-0.010272788441147318,7
BTC,2022-06-01,2023-05-31,365,0.01012850055408876,-0.009280744533085805,7
BTC,2022-06-08,2023-06-07,365,0.008465364549431365,-0.010976491047638648,7
BTC,2022-06-15,2023-06-14,365,0.013162389062424618,-0.0061873680147825905,7
BTC,2022-06-22,2023-06-21,365,0.01860093577331101,-0.0006421831330944983,7
BTC,2022-06-29,2023-06-28,365,0.016436543954346794,-0.0028490140073325065,7
BTC,2022-07-06,2023-07-05,365,0.017746145212436892,-0.001513734293201452,7
BTC,2022-07-13,2023-07-12,365,0.019936018010870526,0.0007190771875543733,7
BTC,2022-07-20,2023-07-19,365,0.020158085962669325,0.0009454994129177718,7
BTC,2022-07-27,2023-07-26,365,0.018880759477435727,-0.0003568726896732155,7
BTC,2022-08-03,2023-08-02,365,0.0710718560015553,0.05285757866825258,7
BTC,2022-08-10,2023-08-09,365,0.07028152173801006,0.05205174765444165,7
BTC,2022-08-17,2023-08-16,365,0.06980794987910477,0.051568890072812734,7
BTC,2022-08-24,2023-08-23,365,0.07154578357560215,0.05334079893982968,7
BTC,2022-08-31,2023-08-30,365,0.07423937458762331,0.0560872054618905,7
BTC,2022-09-07,2023-09-06,365,0.07425854630908979,0.05610675309946411,7
BTC,2022-09-14,2023-09-13,365,0.07520630383096316,0.05707309410215855,7
BTC,2022-09-21,2023-09-20,365,0.07886889183708157,0.06080749755937731,7
BTC,2022-09-28,2023-09-27,365,0.07771169392628674,0.0596276094934689,7
BTC,2022-10-05,2023-10-04,365,0.07738184160461536,0.05929128947921569,7
BTC,2022-10-12,2023-10-11,365,0.07743673749960689,0.05934726176430516,7
BTC,2022-10-19,2023-10-18,365,0.07729603913931604,0.05920380461263608,7
BTC,2022-10-26,2023-10-25,365,0.07286534631167685,0.05468623545504314,7
BTC,2022-11-02,2023-11-01,365,0.07402041005840776,0.055863947510533474,7
BTC,2022-11-09,2023-11-08,365,0.08058180523323377,0.06255399749270896,7
BTC,2022-11-16,2023-11-15,365,0.10468893499576581,0.08713381607411419,7
BTC,2022-11-23,2023-11-22,365,0.107190920455153,0.08968486007192078,7
BTC,2022-11-30,2023-11-29,365,0.10804303522770664,0.09055368297726962,7
BTC,2022-12-07,2023-12-06,365,0.10454600098352718,0.08698807943418463,7
BTC,2022-12-14,2023-12-13,365,0.10659647516550497,0.08907875899227968,7
BTC,2022-12-21,2023-12-20,365,0.10798301944268185,0.09049249041214624,7
BTC,2022-12-28,2023-12-27,365,0.107262738216794,0.08975808602496649,7
BTC,2023-01-04,2024-01-03,365,0.10546484304569959,0.08792493800738,7
BTC,2023-01-11,2024-01-10,365,0.10772307267621961,0.09022744665026317,7
BTC,2023-01-18,2024-01-17,365,0.10763192881222372,0.09013451565167918,7
BTC,2023-01-25,2024-01-24,365,0.1078274049801281,0.0903338246856209,7
BTC,2023-02-01,2024-01-31,365,0.1040414060199163,0.08647359045167946,7
BTC,2023-02-08,2024-02-07,365,0.10389201171701001,0.0863212668487161,7
BTC,2023-02-15,2024-02-14,365,0.1058566848823842,0.08832446301733299,7
BTC,2023-02-22,2024-02-21,365,0.1126515190596804,0.0952525292373213,7
BTC,2023-03-01,2024-02-28,365,0.11237849068766859,0.09497414736781906,7
BTC,2023-03-08,2024-03-06,365,0.11793219386904596,0.10063674669000766,7
BTC,2023-03-15,2024-03-13,365,0.12996129127993494,0.11290170875601213,7
BTC,2023-03-22,2024-03-20,365,0.12476794584964357,0.10760653302316603,7
BTC,2023-03-29,2024-03-27,365,0.11747290406251554,0.10016845120099627,7
BTC,2023-04-05,2024-04-03,365,0.11360769697566941,0.09622745573989833,7
BTC,2023-04-12,2024-04-10,365,0.11670117522344725,0.09938159042390704,7
BTC,2023-04-19,2024-04-17,365,0.10595720728608482,0.08842695644855714,7
BTC,2023-04-26,2024-04-24,365,0.11213064971553943,0.09472144676878536,7
BTC,2023-05-03,2024-05-01,365,0.10482964352038726,0.08727728358941456,7
BTC,2023-05-10,2024-05-08,365,0.10168036830064642,0.08406625787516897,7
BTC,2023-05-17,2024-05-15,365,0.10596517109464076,0.08843507641022197,7
BTC,2023-05-24,2024-05-22,365,0.10575266580850307,0.08821840435376793,7
BTC,2023-05-31,2024-05-29,365,0.1061412634095601,0.08861462151562993,7
BTC,2023-06-07,2024-06-05,365,0.10324428403732566,0.08566083862629292,7
BTC,2023-06-14,2024-06-12,365,0.10179049174733001,0.08417854060512087,7
BTC,2023-06-21,2024-06-19,365,0.10224991916030379,0.08464697639874119,7
BTC,2023-06-28,2024-06-26,365,0.10946160578125375,0.09200006863970978,7
BTC,2023-07-05,2024-07-03,365,0.10653756946245452,0.08901869827544384,7
BTC,2023-07-12,2024-07-10,365,0.10348682417463229,0.08590813445256629,7
BTC,2023-07-19,2024-07-17,365,0.09789927453651459,0.08021102501762278,7
BTC,2023-07-26,2024-07-24,365,0.09618306635043294,0.07846116569063755,7
BTC,2023-08-02,2024-07-31,365,0.017951414030991653,-0.0013044405958515526,7
BTC,2023-08-09,2024-08-07,365,0.004406326032835195,-0.015115118554756224,7
BTC,2023-08-16,2024-08-14,365,0.0031140875262888335,-0.016432695071234793,7
BTC,2023-08-23,2024-08-21,365,0.004601314337396301,-0.014916306950105707,7
BTC,2023-08-30,2024-08-28,365,0.003358343438070621,-0.01618364982784959,7
BTC,2023-09-06,2024-09-04,365,0.0038248717300460866,-0.01570797392230583,7
BTC,2023-09-13,2024-09-11,365,0.0037210405201216767,-0.015813841038307297,7
BTC,2023-09-20,2024-09-18,365,0.003441206784459361,-0.01609916170996284,7
BTC,2023-09-27,2024-09-25,365,0.004181789561186422,-0.015344057702319613,7
BTC,2023-10-04,2024-10-02,365,0.003515588140040271,-0.01602332189642941,7
BTC,2023-10-11,2024-10-09,365,0.004149557377896906,-0.015376921889203032,7
BTC,2023-10-18,2024-10-16,365,0.0032728199894174193,-0.01627085020686847,7
BTC,2023-10-25,2024-10-23,365,0.005424539042351406,-0.014076940584269115,7
BTC,2023-11-01,2024-10-30,365,0.00629103367662498,-0.013193455859127345,7
BTC,2023-11-08,2024-11-06,365,0.004699016587001781,-0.014816688970115788,7
BTC,2023-11-15,2024-11-13,365,0.005695048241829093,-0.013801127282840886,7
BTC,2023-11-22,2024-11-20,365,0.007060569002210637,-0.012408831605589032,7
BTC,2023-11-29,2024-11-27,365,0.009373974425255338,-0.010050065291896448,7
BTC,2023-12-06,2024-12-04,365,0.012408517751609671,-0.006956021116005795,7
BTC,2023-12-13,2024-12-11,365,0.012804702410048385,-0.00655206813093101,7
BTC,2023-12-20,2024-12-18,365,0.011413264943405554,-0.007970788685154995,7
BTC,2023-12-27,2024-12-25,365,0.009014000510005116,-0.010417097519210383,7
BTC,2024-01-03,2025-01-01,365,0.009165283975197891,-0.010262847711562939,7
BTC,2024-01-10,2025-01-08,365,0.010283857004971919,-0.009122341877283446,7
BTC,2024-01-17,2025-01-15,365,0.009957592226794376,-0.009455004004052636,7
BTC,2024-01-24,2025-01-22,365,0.009167493626033751,-0.010260594734240014,7
BTC,2024-01-31,2025-01-29,365,0.012326300789117117,-0.007039850175801998,7
BTC,2024-02-07,2025-02-05,365,0.01285555856935483,-0.006500214792030334,7
BTC,2024-02-14,2025-02-12,365,0.01407051833917683,-0.005261432281623568,7
BTC,2024-02-21,2025-02-19,365,0.014198562747673726,-0.005130877198450179,7
BTC,2024-02-28,2025-02-26,365,0.020934659115019683,0.0017372994898240401,7
BTC,2024-03-06,2025-03-05,365,0.022160073443183825,0.0029867415499129635,7
BTC,2024-03-13,2025-03-12,365,0.020001543044427583,0.0007858870256909345,7
BTC,2024-03-20,2025-03-19,365,0.022483778671596566,0.0033167939396671065,7
BTC,2024-03-27,2025-03-26,365,0.023764421283856585,0.0046225471913832195,7
BTC,2024-04-03,2025-04-02,365,0.028309730757098195,0.009256980379786506,7
BTC,2024-04-10,2025-04-09,365,0.027718076258749114,0.008653724812842323,7
BTC,2024-04-17,2025-04-16,365,0.03210257798373084,0.013124197159882445,7
BTC,2024-04-24,2025-04-23,365,0.03765122976260282,0.0187816460324578,7
BTC,2024-05-01,2025-04-30,365,0.035804940234587246,0.016899154748990952,7
BTC,2024-05-08,2025-05-07,365,0.040052462877259276,0.021229962149362458,7
BTC,2024-05-15,2025-05-14,365,0.03464204240412683,0.015713455000286203,7
BTC,2024-05-22,2025-05-21,365,0.03450821792920977,0.01557700651605709,7
BTC,2024-05-29,2025-05-28,365,0.037514753010542745,0.018642493265651483,7
BTC,2024-06-05,2025-06-04,365,0.040703905302728605,0.02189417795572335,7
BTC,2024-06-12,2025-06-11,365,0.04602174434104145,0.02731628834772859,7
BTC,2024-06-19,2025-06-18,365,0.046605339614873564,0.027911326666145708,7
BTC,2024-06-26,2025-06-25,365,0.04119677438907865,0.022396711141805747,7
BTC,2024-07-03,2025-07-02,365,0.04203582350484614,0.023252212201019695,7
BTC,2024-07-10,2025-07-09,365,0.038569162530740275,0.0197175774823235,7
BTC,2024-07-17,2025-07-16,365,0.0432821807806788,0.024523007854809875,7
BTC,2024-07-24,2025-07-23,365,0.04193823407772579,0.02315270925572044,7
BTC,2024-07-31,2025-07-30,365,0.04349803446934153,0.024743093968740415,7
BTC,2024-08-07,2025-08-06,365,0.029049899178854255,0.01001166190785141,7
BTC,2024-08-14,2025-08-13,365,0.024274856333638906,0.005142990771553446,7
BTC,2024-08-21,2025-08-20,365,0.018764610934535297,-0.00047529865498363577,7
BTC,2024-08-28,2025-08-27,365,0.021013652843652753,0.001817842115096946,7
BTC,2024-09-04,2025-09-03,365,0.02191608151748825,0.002737965468811665,7
BTC,2024-09-11,2025-09-10,365,0.022790917329378213,0.003629954924071921,7
BTC,2024-09-18,2025-09-17,365,0.021591104624063107,0.0024066164794369627,7
BTC,2024-09-25,2025-09-24,365,0.02058910215234766,0.0013849669004329934,7
BTC,2024-10-02,2025-10-01,365,0.02107027205050105,0.0018755715024717512,7
BTC,2024-10-09,2025-10-08,365,0.018897065308925654,-0.0003402471359972292,7
BTC,2024-10-16,2025-10-15,365,0.01675407091835246,-0.002525261024424852,7
BTC,2024-10-23,2025-10-22,365,0.015673429644728176,-0.003627091342629951,7
BTC,2024-10-30,2025-10-29,365,0.0163915623443025,-0.0028948776097306173,7
BTC,2024-11-06,2025-11-05,365,0.01607563788556099,-0.0032169966657025206,7
BTC,2024-11-13,2025-11-12,365,0.03196717740768973,0.01298614167058565,7
BTC,2024-11-20,2025-11-19,365,0.02828718157420662,0.009233989056053882,7
BTC,2024-11-27,2025-11-26,365,0.029267307330706926,0.010233332964642461,7
BTC,2024-12-04,2025-12-03,365,0.02774219698836622,0.008678318497942095,7
BTC,2024-12-11,2025-12-10,365,0.02773497347387177,0.008670953345908505,7
BTC,2024-12-18,2025-12-17,365,0.0242398230235773,0.005107270533843633,7
BTC,2024-12-25,2025-12-24,365,0.025405176060972923,0.006295473630795967,7
BTC,2025-01-01,2025-12-31,365,0.027004896494607356,0.007926561131756604,7
ETH,2021-01-06,2022-01-05,365,0.02857292701051184,0.009525337344051366,7
ETH,2021-01-13,2022-01-12,365,0.03379626076602682,0.014851089408497997,7
ETH,2021-01-20,2022-01-19,365,0.03665629393044301,0.017767201654569353,7
ETH,2021-01-27,2022-01-26,365,0.04259269427572143,0.023820002006618046,7
ETH,2021-02-03,2022-02-02,365,0.039389697302286364,0.02055420117095874,7
ETH,2021-02-10,2022-02-09,365,0.02952446356641214,0.010495531479479125,7
ETH,2021-02-17,2022-02-16,365,0.029603038471676224,0.010575647069160143,7
ETH,2021-02-24,2022-02-23,365,0.032893440968769005,0.013930567262274374,7
ETH,2021-03-03,2022-03-02,365,0.025061880054132457,0.00594544632970373,7
ETH,2021-03-10,2022-03-09,365,0.018463230623883997,-0.0007825883834906566,7
ETH,2021-03-17,2022-03-16,365,0.018253364747061407,-0.0009965692775060209,7
ETH,2021-03-24,2022-03-23,365,0.019508269724690774,0.0002829416800769202,7
ETH,2021-03-31,2022-03-30,365,0.01741430043328185,-0.0018520858327322198,7
ETH,2021-04-07,2022-04-06,365,0.017622938226790064,-0.0016393571020962838,7
ETH,2021-04-14,2022-04-13,365,0.017732140853648493,-0.0015280132472603736,7
ETH,2021-04-21,2022-04-20,365,0.023712334469078722,0.004569439066511749,7
ETH,2021-04-28,2022-04-27,365,0.025660902239965755,0.006556214048592635,7
ETH,2021-05-05,2022-05-04,365,0.023237659627030283,0.004085456874619142,7
ETH,2021-05-12,2022-05-11,365,0.025467150513196146,0.006358663268356879,7
ETH,2021-05-19,2022-05-18,365,0.02343658511829072,0.0042882828657082595,7
ETH,2021-05-26,2022-05-25,365,0.008824795399547392,-0.010610012533794677,7
ETH,2021-06-02,2022-06-01,365,0.009406616258920253,-0.010016783422277298,7
ETH,2021-06-09,2022-06-08,365,0.0060739908521388886,-0.01341475442527007,7
ETH,2021-06-16,2022-06-15,365,0.011474900674320776,-0.00790794441049636,7
ETH,2021-06-23,2022-06-22,365,0.008456971441143324,-0.010985048726677382,7
ETH,2021-06-30,2022-06-29,365,0.013162232663906037,-0.006187527479938781,7
ETH,2021-07-07,2022-07-06,365,0.012690859895011397,-0.00666814285214512,7
ETH,2021-07-14,2022-07-13,365,0.013215024831785382,-0.006133700171512935,7
ETH,2021-07-21,2022-07-20,365,0.01320669993930601,-0.006142188297178164,7
ETH,2021-07-28,2022-07-27,365,0.01132192113620567,-0.008063923547398044,7
ETH,2021-08-04,2022-08-03,365,0.012015690303667115,-0.007356551062927652,7
ETH,2021-08-11,2022-08-10,365,0.010276340995855837,-0.009130005259127216,7
ETH,2021-08-18,2022-08-17,365,0.010147048307136752,-0.00926183309860562,7
ETH,2021-08-25,2022-08-24,365,0.010166692489288143,-0.009241803736411924,7
ETH,2021-09-01,2022-08-31,365,0.007286523272759027,-0.012178446859147485,7
ETH,2021-09-08,2022-09-07,365,0.0070636908071306515,-0.012405648588807994,7
ETH,2021-09-15,2022-09-14,365,0.006290109444731629,-0.013194398213214775,7
ETH,2021-09-22,2022-09-21,365,0.00742396798061995,-0.012038307157014927,7
ETH,2021-09-29,2022-09-28,365,0.00873137633482457,-0.010705263344884752,7
ETH,2021-10-06,2022-10-05,365,0.011277799402269362,-0.00810891041337225,7
ETH,2021-10-13,2022-10-12,365,0.011191885822513625,-0.008196508573123262,7
ETH,2021-10-20,2022-10-19,365,0.011276670657081933,-0.00811006129081826,7
ETH,2021-10-27,2022-10-26,365,0.01337830302259635,-0.005967220447548716,7
ETH,2021-11-03,2022-11-02,365,0.014395605557524505,-0.0049299708040926316,7
ETH,2021-11-10,2022-11-09,365,0.015691935951236302,-0.0036082221673667814,7
ETH,2021-11-17,2022-11-16,365,0.011332236975149068,-0.008053405437102867,7
ETH,2021-11-24,2022-11-23,365,0.009303817588963037,-0.010121597752429823,7
ETH,2021-12-01,2022-11-30,365,0.009410222681792035,-0.010013106285231554,7
ETH,2021-12-08,2022-12-07,365,0.010192081897526184,-0.009215916496639887,7
ETH,2021-12-15,2022-12-14,365,0.011522783279773963,-0.007859122930426565,7
ETH,2021-12-22,2022-12-21,365,0.00927524661141288,-0.010150728945226062,7
ETH,2021-12-29,2022-12-28,365,0.009792641458950424,-0.009623189100677942,7
ETH,2022-01-05,2023-01-04,365,0.010592048639789575,-0.008808107269234089,7
ETH,2022-01-12,2023-01-11,365,0.01092344581777882,-0.008470212107362762,7
ETH,2022-01-19,2023-01-18,365,0.01154464837371505,-0.007836829109153287,7
ETH,2022-01-26,2023-01-25,365,0.012048160922395246,-0.007323443765400839,7
ETH,2022-02-02,2023-02-01,365,0.011580484000996316,-0.007800290822513434,7
ETH,2022-02-09,2023-02-08,365,0.012544086442382363,-0.006817794215610018,7
ETH,2022-02-16,2023-02-15,365,0.011867778294903708,-0.007507363307156956,7
ETH,2022-02-23,2023-02-22,365,0.011433788378854337,-0.007949862829403243,7
ETH,2022-03-02,2023-03-01,365,0.012402088131335143,-0.006962576807266085,7
ETH,2022-03-09,2023-03-08,365,0.012845959688118191,-0.006510001886624428,7
ETH,2022-03-16,2023-03-15,365,0.014503582346666155,-0.004819876823006997,7
ETH,2022-03-23,2023-03-22,365,0.01625538071719812,-0.003033729464817503,7
ETH,2022-03-30,2023-03-29,365,0.018790682381928492,-0.0004487160027395465,7
ETH,2022-04-06,2023-04-05,365,0.018385387734763836,-0.0008619576037700583,7
ETH,2022-04-13,2023-04-12,365,0.016777539236208394,-0.0025013325434737332,7
ETH,2022-04-20,2023-04-19,365,0.01652384069152313,-0.0027600055694272374,7
ETH,2022-04-27,2023-04-26,365,0.016864454643081173,-0.0024127129129367653,7
ETH,2022-05-04,2023-05-03,365,0.014898056035432261,-0.004417668356029747,7
ETH,2022-05-11,2023-05-10,365,0.011240172952466154,-0.008147274636701063,7
ETH,2022-05-18,2023-05-17,365,0.009049677313128224,-0.01038072117092792,7
ETH,2022-05-25,2023-05-24,365,0.007745196374718266,-0.011710780166953816,7
ETH,2022-06-01,2023-05-31,365,0.0084181216437893,-0.011024660284763677,7
ETH,2022-06-08,2023-06-07,365,0.006735620334581416,-0.012740151815720857,7
ETH,2022-06-15,2023-06-14,365,0.006771183749401999,-0.01270389107904113,7
ETH,2022-06-22,2023-06-21,365,0.013392434921928875,-0.005952811452150986,7
ETH,2022-06-29,2023-06-28,365,0.0108502512885853,-0.008544841823403093,7
ETH,2022-07-06,2023-07-05,365,0.012010679489687481,-0.00736166012816164,7
ETH,2022-07-13,2023-07-12,365,0.013927072649716377,-0.005407690631661577,7
ETH,2022-07-20,2023-07-19,365,0.015244120609252398,-0.004064818202330844,7
ETH,2022-07-27,2023-07-26,365,0.013894637371944851,-0.005440761895271873,7
ETH,2022-08-03,2023-08-02,365,0.017405055523306734,-0.0018615120154519271,7
ETH,2022-08-10,2023-08-09,365,0.016716205782251636,-0.0025638686141746803,7
ETH,2022-08-17,2023-08-16,365,0.01895815704565096,-0.00027795752208126245,7
ETH,2022-08-24,2023-08-23,365,0.020737563684725346,0.0015363394432494903,7
ETH,2022-08-31,2023-08-30,365,0.019058171185444284,-0.00017598232072346676,7
ETH,2022-09-07,2023-09-06,365,0.019207645111726124,-2.357753314186084e-05,7
ETH,2022-09-14,2023-09-13,365,0.01709900317662527,-0.002173565388538856,7
ETH,2022-09-21,2023-09-20,365,0.017441032139416945,-0.0018248299754963782,7
ETH,2022-09-28,2023-09-27,365,0.017708035167356084,-0.0015525915940681756,7
ETH,2022-10-05,2023-10-04,365,0.017534119948983684,-0.0017299169147617643,7
ETH,2022-10-12,2023-10-11,365,0.020527795233654444,0.0013224578852948365,7
ETH,2022-10-19,2023-10-18,365,0.02090676375420386,0.0017088571611491021,7
ETH,2022-10-26,2023-10-25,365,0.030691259571492213,0.011685205837600021,7
ETH,2022-11-02,2023-11-01,365,0.03338867058718098,0.014435507265361025,7
ETH,2022-11-09,2023-11-08,365,0.02830506258298382,0.009252220672846367,7
ETH,2022-11-16,2023-11-15,365,0.043522170607198096,0.024767703364202087,7
ETH,2022-11-23,2023-11-22,365,0.04610924440463515,0.02740550409884379,7
ETH,2022-11-30,2023-11-29,365,0.04325737286630682,0.024497713510744257,7
ETH,2022-12-07,2023-12-06,365,0.04467738004413724,0.025945563966571328,7
ETH,2022-12-14,2023-12-13,365,0.051510207872227154,0.03291236881089832,7
ETH,2022-12-21,2023-12-20,365,0.05417812560828661,0.03563259865942958,7
ETH,2022-12-28,2023-12-27,365,0.05441857134663741,0.03587775902010093,7
ETH,2023-01-04,2024-01-03,365,0.055404797683418994,0.03688332312819198,7
ETH,2023-01-11,2024-01-10,365,0.05561974766490041,0.03710248781519265,7
ETH,2023-01-18,2024-01-17,365,0.06054527117122677,0.042124590213799884,7
ETH,2023-01-25,2024-01-24,365,0.05401297906023672,0.03546421394377086,7
ETH,2023-02-01,2024-01-31,365,0.050032234146784815,0.0314054152084865,7
ETH,2023-02-08,2024-02-07,365,0.05046185022311667,0.0318434551294523,7
ETH,2023-02-15,2024-02-14,365,0.055952294850053264,0.03744155553338768,7
ETH,2023-02-22,2024-02-21,365,0.05889221574090775,0.04043912193190602,7
ETH,2023-03-01,2024-02-28,365,0.06671700922584278,0.04841734274007503,7
ETH,2023-03-08,2024-03-06,365,0.07725138594680014,0.059158275867325694,7
ETH,2023-03-15,2024-03-13,365,0.06487633250601299,0.046540574319856476,7
ETH,2023-03-22,2024-03-20,365,0.053773855108069535,0.03522040128665915,7
ETH,2023-03-29,2024-03-27,365,0.04152303907728472,0.02272937317683943,7
ETH,2023-04-05,2024-04-03,365,0.03858526361429104,0.01973399427339484,7
ETH,2023-04-12,2024-04-10,365,0.03318821456890275,0.014231120736920566,7
ETH,2023-04-19,2024-04-17,365,0.023671855276256704,0.004528166164026515,7
ETH,2023-04-26,2024-04-24,365,0.03214830969060045,0.013170825566886757,7
ETH,2023-05-03,2024-05-01,365,0.028070239530555763,0.009012793246841233,7
ETH,2023-05-10,2024-05-08,365,0.02460525700384686,0.005479869886275246,7
ETH,2023-05-17,2024-05-15,365,0.027140072762897982,0.00806438791511177,7
ETH,2023-05-24,2024-05-22,365,0.02235628409017376,0.0031867994644909636,7
ETH,2023-05-31,2024-05-29,365,0.024916015553768656,0.005796721741097466,7
ETH,2023-06-07,2024-06-05,365,0.022478850070296374,0.00331176869912575,7
ETH,2023-06-14,2024-06-12,365,0.02291706884624578,0.0037585800000937697,7
ETH,2023-06-21,2024-06-19,365,0.020923326839859202,0.0017257450131898944,7
ETH,2023-06-28,2024-06-26,365,0.022241354092785826,0.0030696159377424648,7
ETH,2023-07-05,2024-07-03,365,0.02330595941091973,0.004155095869957437,7
ETH,2023-07-12,2024-07-10,365,0.019720480087369596,0.0004993130302592963,7
ETH,2023-07-19,2024-07-17,365,0.016144693136532662,-0.003146587390201905,7
ETH,2023-07-26,2024-07-24,365,0.015165911583640113,-0.004144560738249314,7
ETH,2023-08-02,2024-07-31,365,0.016009584406942334,-0.003284345310568426,7
ETH,2023-08-09,2024-08-07,365,0.004212904976867771,-0.015312332180448474,7
ETH,2023-08-16,2024-08-14,365,0.003592730102747854,-0.0159446673462178,7
ETH,2023-08-23,2024-08-21,365,0.0026477585166332362,-0.016908167786962025,7
ETH,2023-08-30,2024-08-28,365,0.00289876114632015,-0.016652243537085276,7
ETH,2023-09-06,2024-09-04,365,0.003264751426575563,-0.016279076976824847,7
ETH,2023-09-13,2024-09-11,365,0.004776894881257765,-0.014737283650482214,7
ETH,2023-09-20,2024-09-18,365,0.004121986863629967,-0.01540503300178897,7
ETH,2023-09-27,2024-09-25,365,0.0044117541948651695,-0.01510958395817652,7
ETH,2023-10-04,2024-10-02,365,0.004159554826276501,-0.015366728412423925,7
ETH,2023-10-11,2024-10-09,365,0.0051221945684417625,-0.014385213381196582,7
ETH,2023-10-18,2024-10-16,365,0.005423937702432546,-0.014077553715166724,7
ETH,2023-10-25,2024-10-23,365,0.0045013179331456765,-0.015018264068165088,7
ETH,2023-11-01,2024-10-30,365,0.0043434880497184025,-0.01517918865518908,7
ETH,2023-11-08,2024-11-06,365,0.0037991023993353412,-0.015734248534011064,7
ETH,2023-11-15,2024-11-13,365,0.010940112969096139,-0.008453218149156783,7
ETH,2023-11-22,2024-11-20,365,0.013418658920420379,-0.00592607325761052,7
ETH,2023-11-29,2024-11-27,365,0.01830702178220489,-0.0009418601436341767,7
ETH,2023-12-06,2024-12-04,365,0.018791373315030002,-0.00044801152193008065,7
ETH,2023-12-13,2024-12-11,365,0.01772954104648261,-0.0015306640310372988,7
ETH,2023-12-20,2024-12-18,365,0.01727808719102253,-0.001990969922878838,7
ETH,2023-12-27,2024-12-25,365,0.016910133774533653,-0.0023661381122401792,7
ETH,2024-01-03,2025-01-01,365,0.01731650834666809,-0.0019517954112402425,7
ETH,2024-01-10,2025-01-08,365,0.024148021177342605,0.005013668651408176,7
ETH,2024-01-17,2025-01-15,365,0.020759014571168466,0.0015582109353090567,7
ETH,2024-01-24,2025-01-22,365,0.01682860920634799,-0.0024492612013706783,7
ETH,2024-01-31,2025-01-29,365,0.020891098787071405,0.0016928850377984084,7
ETH,2024-02-07,2025-02-05,365,0.017312484283204643,-0.0019558983779088823,7
ETH,2024-02-14,2025-02-12,365,0.016161522370000125,-0.0031294281717644257,7
ETH,2024-02-21,2025-02-19,365,0.016363320891206956,-0.002923672816808498,7
ETH,2024-02-28,2025-02-26,365,0.02007650594273236,0.0008623197847468234,7
ETH,2024-03-06,2025-03-05,365,0.017851771206294775,-0.001406037201424848,7
ETH,2024-03-13,2025-03-12,365,0.01688485515767424,-0.0023919123882536475,7
ETH,2024-03-20,2025-03-19,365,0.017547541852533266,-0.001716231836632609,7
ETH,2024-03-27,2025-03-26,365,0.019720349470878085,0.0004991798526601254,7
ETH,2024-04-03,2025-04-02,365,0.023293837562606168,0.004142736338343611,7
ETH,2024-04-10,2025-04-09,365,0.027950171636246912,0.008890371080094939,7
ETH,2024-04-17,2025-04-16,365,0.025544848271650045,0.006437884512270675,7
ETH,2024-04-24,2025-04-23,365,0.03119397296347637,0.012197776354917145,7
ETH,2024-05-01,2025-04-30,365,0.032513050213292094,0.013542717864533205,7
ETH,2024-05-08,2025-05-07,365,0.03139801971038947,0.012405824018436373,7
ETH,2024-05-15,2025-05-14,365,0.020851465705911232,0.00165247483739972,7
ETH,2024-05-22,2025-05-21,365,0.02002944353640812,0.0008143345861416629,7
ETH,2024-05-29,2025-05-28,365,0.023091751745472733,0.003936688054207549,7
ETH,2024-06-05,2025-06-04,365,0.025952738315768276,0.0068537724003912,7
ETH,2024-06-12,2025-06-11,365,0.02935292753021601,0.010320631991592832,7
ETH,2024-06-19,2025-06-18,365,0.029968968365315485,0.01094875205875312,7
ETH,2024-06-26,2025-06-25,365,0.029029749514586367,0.009991117152127305,7
ETH,2024-07-03,2025-07-02,365,0.03050001397810098,0.011490210330612816,7
ETH,2024-07-10,2025-07-09,365,0.02881734785731982,0.009774550756483036,7
ETH,2024-07-17,2025-07-16,365,0.03257398799018851,0.013604850499800092,7
ETH,2024-07-24,2025-07-23,365,0.03158781170848657,0.012599337428260915,7
ETH,2024-07-31,2025-07-30,365,0.03361660024175317,0.014667906128846386,7
ETH,2024-08-07,2025-08-06,365,0.018353068343107903,-0.0008949107089879504,7
ETH,2024-08-14,2025-08-13,365,0.017874755712990575,-0.0013826020181271215,7
ETH,2024-08-21,2025-08-20,365,0.013817117291570868,-0.005519801977221794,7
ETH,2024-08-28,2025-08-27,365,0.018174994982408155,-0.0010764757042112105,7
ETH,2024-09-04,2025-09-03,365,0.01832306609338663,-0.0009255012381155225,7
ETH,2024-09-11,2025-09-10,365,0.01818666456832052,-0.0010645773028887806,7
ETH,2024-09-18,2025-09-17,365,0.01604438807784858,-0.0032488592147426054,7
ETH,2024-09-25,2025-09-24,365,0.014810205050752145,-0.004507241909037063,7
ETH,2024-10-02,2025-10-01,365,0.0155222883908267,-0.003781196150529631,7
ETH,2024-10-09,2025-10-08,365,0.014717310054441324,-0.004601958375863635,7
ETH,2024-10-16,2025-10-15,365,0.009742170501462089,-0.00967464968478371,7
ETH,2024-10-23,2025-10-22,365,0.010556877271611254,-0.00884396827208267,7
ETH,2024-10-30,2025-10-29,365,0.011789472043955529,-0.007587204974790263,7
ETH,2024-11-06,2025-11-05,365,0.011273389883868501,-0.008113406392918243,7
ETH,2024-11-13,2025-11-12,365,0.016238545911955726,-0.00305089436428041,7
ETH,2024-11-20,2025-11-19,365,0.017358789387321494,-0.0019086853305740892,7
ETH,2024-11-27,2025-11-26,365,0.014504193714673819,-0.004819253467391427,7
ETH,2024-12-04,2025-12-03,365,0.015293661600869646,-0.004014305818720976,7
ETH,2024-12-11,2025-12-10,365,0.014648716520367255,-0.004671896881194071,7
ETH,2024-12-18,2025-12-17,365,0.011290362710076107,-0.008096100766196823,7
ETH,2024-12-25,2025-12-24,365,0.011361152352407977,-0.008023923091662333,7
ETH,2025-01-01,2025-12-31,365,0.010946683694439963,-0.008446518586061158,7
