Asset,Period,Start_Date,End_Date,N,Variable,Coefficient,HAC_SE,T_Statistic,P_Value,CI_95_Lower,CI_95_Upper,Sign,Significance,Significant_5pct,R_Squared,Adjusted_R_Squared,HAC_Maxlags
BTC,2021,2021-01-06,2021-12-31,360,const,-0.027909942656453822,0.14133628427567532,-0.19747188628516438,0.8435722599367522,-0.30587972017390297,0.25005983486099537,Negative,,False,0.018195923947646464,-0.0013285889283944918,7
BTC,2021,2021-01-06,2021-12-31,360,BTC_Lagged_Return,-0.11368153177632923,0.09377599261266675,-1.2122668991186316,0.22622326845706037,-0.298113236179833,0.07075017262717456,Negative,,False,0.018195923947646464,-0.0013285889283944918,7
BTC,2021,2021-01-06,2021-12-31,360,Lagged_Log_BTC_Volume,0.0011436279495394342,0.005801091633806095,0.19714012839840286,0.8438316634496059,-0.010265531128551173,0.012552787027630042,Positive,,False,0.018195923947646464,-0.0013285889283944918,7
BTC,2021,2021-01-06,2021-12-31,360,Lagged_SP500_Return_Aligned,0.7016154167305149,0.5384460854598877,1.3030374547737011,0.19341370400074034,-0.3573606229147106,1.7605914563757403,Positive,,False,0.018195923947646464,-0.0013285889283944918,7
BTC,2021,2021-01-06,2021-12-31,360,Lagged_VIX_Change_Aligned,0.0015628765723296955,0.002181069437011644,0.7165643357375383,0.47411810518150094,-0.002726689898610684,0.005852443043270075,Positive,,False,0.018195923947646464,-0.0013285889283944918,7
BTC,2021,2021-01-06,2021-12-31,360,Lagged_Gold_Return_Aligned,0.1739099489078736,0.3330798029427918,0.5221269718889066,0.6019103393203408,-0.4811668361799185,0.8289867339956657,Positive,,False,0.018195923947646464,-0.0013285889283944918,7
BTC,2021,2021-01-06,2021-12-31,360,Lagged_DXY_Return_Aligned,0.6288314170730362,0.7174410394372936,0.8764921192217328,0.3813603170882985,-0.7821786935740733,2.039841527720146,Positive,,False,0.018195923947646464,-0.0013285889283944918,7
BTC,2021,2021-01-06,2021-12-31,360,Lagged_US10Y_Change_Aligned,0.029080315382192218,0.05229022075164892,0.5561329626108951,0.5784732988445008,-0.0737602333358111,0.13192086410019555,Positive,,False,0.018195923947646464,-0.0013285889283944918,7
BTC,2022,2022-01-01,2022-12-31,365,const,0.23260693563234314,0.1251563606125987,1.8585306770971102,0.06391652311732293,-0.013529468573243997,0.47874333983793027,Positive,*,False,0.016670405320062143,-0.00261056712464236,7
BTC,2022,2022-01-01,2022-12-31,365,BTC_Lagged_Return,-0.05746472993834554,0.08010647836147852,-0.7173543402948929,0.47362458404390956,-0.21500462995587769,0.10007517007918662,Negative,,False,0.016670405320062143,-0.00261056712464236,7
BTC,2022,2022-01-01,2022-12-31,365,Lagged_Log_BTC_Volume,-0.009788399438344867,0.005227040444872704,-1.8726465849229232,0.06193434212920929,-0.02006806028371328,0.0004912614070235449,Negative,*,False,0.016670405320062143,-0.00261056712464236,7
BTC,2022,2022-01-01,2022-12-31,365,Lagged_SP500_Return_Aligned,0.027558641192980626,0.23410113754116282,0.11772109047584142,0.906354858552407,-0.4328319608729849,0.4879492432589462,Positive,,False,0.016670405320062143,-0.00261056712464236,7
BTC,2022,2022-01-01,2022-12-31,365,Lagged_VIX_Change_Aligned,2.6721927055840247e-05,0.0018984271085984966,0.01407582463124832,0.9887773504745195,-0.00370678406392778,0.003760227918039461,Positive,,False,0.016670405320062143,-0.00261056712464236,7
BTC,2022,2022-01-01,2022-12-31,365,Lagged_Gold_Return_Aligned,-0.2541436350402416,0.25524822091623045,-0.9956725031343066,0.3200836726618772,-0.756122751152939,0.2478354810724558,Negative,,False,0.016670405320062143,-0.00261056712464236,7
BTC,2022,2022-01-01,2022-12-31,365,Lagged_DXY_Return_Aligned,0.012401890469179389,0.38823739589618916,0.031944090394876674,0.9745344888628069,-0.7511178870019596,0.7759216679403184,Positive,,False,0.016670405320062143,-0.00261056712464236,7
BTC,2022,2022-01-01,2022-12-31,365,Lagged_US10Y_Change_Aligned,-0.011917511774828807,0.023506054935481288,-0.5069975292553189,0.6124695650820206,-0.05814525290248149,0.03431022935282388,Negative,,False,0.016670405320062143,-0.00261056712464236,7
BTC,2023,2023-01-01,2023-12-31,365,const,-0.19526298303094564,0.11508576002472704,-1.6966737065384276,0.09063001710645013,-0.42159422987372047,0.0310682638118292,Negative,*,False,0.10655664418163635,0.08903814700872736,7
BTC,2023,2023-01-01,2023-12-31,365,BTC_Lagged_Return,-0.291878580725294,0.15149764165186141,-1.9266212829637652,0.05482036002314461,-0.5898185701856626,0.006061408735074714,Negative,*,False,0.10655664418163635,0.08903814700872736,7
BTC,2023,2023-01-01,2023-12-31,365,Lagged_Log_BTC_Volume,0.008439793039054753,0.004917065316389122,1.7164289054538264,0.08695101194436353,-0.0012302610460605684,0.018109847124170075,Positive,*,False,0.10655664418163635,0.08903814700872736,7
BTC,2023,2023-01-01,2023-12-31,365,Lagged_SP500_Return_Aligned,-0.2552318702884012,0.19935029362043336,-1.2803185069512233,0.20126438996982843,-0.6472803783218168,0.13681663774501446,Negative,,False,0.10655664418163635,0.08903814700872736,7
BTC,2023,2023-01-01,2023-12-31,365,Lagged_VIX_Change_Aligned,-0.0006961705175135133,0.0020985333858847036,-0.33174145438721264,0.7402791619966598,-0.00482321175759765,0.003430870722570624,Negative,,False,0.10655664418163635,0.08903814700872736,7
BTC,2023,2023-01-01,2023-12-31,365,Lagged_Gold_Return_Aligned,0.38305378072376756,0.21053728319232914,1.8194106759411437,0.06968628494232844,-0.030995410084652453,0.7971029715321876,Positive,*,False,0.10655664418163635,0.08903814700872736,7
BTC,2023,2023-01-01,2023-12-31,365,Lagged_DXY_Return_Aligned,-0.5663440706766765,0.29800646055707686,-1.9004422575872486,0.05818043484473125,-1.1524128751108103,0.019724733757457313,Negative,*,False,0.10655664418163635,0.08903814700872736,7
BTC,2023,2023-01-01,2023-12-31,365,Lagged_US10Y_Change_Aligned,-0.008756999020918031,0.021868515251500863,-0.40043866354013347,0.6890729727598225,-0.051764303507667614,0.03425030546583155,Negative,,False,0.10655664418163635,0.08903814700872736,7
BTC,2024,2024-01-01,2024-12-31,366,const,-0.06715915117000786,0.06566355807846846,-1.0227766075324787,0.3071041006679094,-0.1962939265190639,0.061975624179048186,Negative,,False,0.00805465430992347,-0.011340925075078001,7
BTC,2024,2024-01-01,2024-12-31,366,BTC_Lagged_Return,-0.024829100295380276,0.05644070416595869,-0.43991478600927075,0.660264283898459,-0.1358260956806112,0.08616789508985065,Negative,,False,0.00805465430992347,-0.011340925075078001,7
BTC,2024,2024-01-01,2024-12-31,366,Lagged_Log_BTC_Volume,0.002853759442006468,0.0027009112207206595,1.0565913533600062,0.2914105957820607,-0.002457886376953119,0.008165405260966055,Positive,,False,0.00805465430992347,-0.011340925075078001,7
BTC,2024,2024-01-01,2024-12-31,366,Lagged_SP500_Return_Aligned,0.19905376666555663,0.26325297767987554,0.7561311116777288,0.45006784444720666,-0.31866283486304714,0.7167703681941604,Positive,,False,0.00805465430992347,-0.011340925075078001,7
BTC,2024,2024-01-01,2024-12-31,366,Lagged_VIX_Change_Aligned,0.0007312864133750285,0.00113489328331056,0.6443657955590475,0.5197508991795879,-0.0015006089251372156,0.0029631817518872726,Positive,,False,0.00805465430992347,-0.011340925075078001,7
BTC,2024,2024-01-01,2024-12-31,366,Lagged_Gold_Return_Aligned,0.039826540595053556,0.1551406195801635,0.2567125276592993,0.7975481655928646,-0.26527494405274654,0.3449280252428537,Positive,,False,0.00805465430992347,-0.011340925075078001,7
BTC,2024,2024-01-01,2024-12-31,366,Lagged_DXY_Return_Aligned,0.0950657573016989,0.5024892976487438,0.18918961607049573,0.8500514167408836,-0.893135986040214,1.0832675006436119,Positive,,False,0.00805465430992347,-0.011340925075078001,7
BTC,2024,2024-01-01,2024-12-31,366,Lagged_US10Y_Change_Aligned,0.02860357224448578,0.03872262285668735,0.7386785846182932,0.4605861836241213,-0.04754882262800928,0.10475596711698085,Positive,,False,0.00805465430992347,-0.011340925075078001,7
BTC,2025,2025-01-01,2025-12-31,365,const,0.04815271781367089,0.05688778095827434,0.8464509777414172,0.3978682357340611,-0.06372456736599427,0.16003000299333606,Positive,,False,0.027004896494607356,0.007926561131756604,7
BTC,2025,2025-01-01,2025-12-31,365,BTC_Lagged_Return,-0.1153944185201022,0.06371835534982244,-1.8110074857797434,0.07098010256941843,-0.24070492444192737,0.009916087401722964,Negative,*,False,0.027004896494607356,0.007926561131756604,7
BTC,2025,2025-01-01,2025-12-31,365,Lagged_Log_BTC_Volume,-0.0019731685603796983,0.0023252316121901108,-0.8485901146515,0.3966780361239337,-0.006546041606290414,0.0025997044855310177,Negative,,False,0.027004896494607356,0.007926561131756604,7
BTC,2025,2025-01-01,2025-12-31,365,Lagged_SP500_Return_Aligned,-0.181682305292087,0.20685538349711688,-0.8783059073471939,0.38036846382802136,-0.5884905572685579,0.22512594668438385,Negative,,False,0.027004896494607356,0.007926561131756604,7
BTC,2025,2025-01-01,2025-12-31,365,Lagged_VIX_Change_Aligned,-0.0005242985016897852,0.0010708985047676316,-0.48958748131182594,0.6247265282422488,-0.0026303609178744167,0.0015817639144948465,Negative,,False,0.027004896494607356,0.007926561131756604,7
BTC,2025,2025-01-01,2025-12-31,365,Lagged_Gold_Return_Aligned,0.0691750640843286,0.0833561377420953,0.8298736716707883,0.40716479008614553,-0.09475571747468435,0.23310584564334152,Positive,,False,0.027004896494607356,0.007926561131756604,7
BTC,2025,2025-01-01,2025-12-31,365,Lagged_DXY_Return_Aligned,-0.2234677586437466,0.34191699860897606,-0.6535731173146772,0.5138075969964936,-0.8958923974112344,0.44895688012374124,Negative,,False,0.027004896494607356,0.007926561131756604,7
BTC,2025,2025-01-01,2025-12-31,365,Lagged_US10Y_Change_Aligned,0.03287498261388316,0.028769029515247787,1.142721293273351,0.25392009437537805,-0.023703088550121966,0.08945305377788829,Positive,,False,0.027004896494607356,0.007926561131756604,7
ETH,2021,2021-01-06,2021-12-31,360,const,-0.05539987734819642,0.2045439681339857,-0.2708458130229827,0.7866683715988588,-0.45768186463916694,0.34688210994277413,Negative,,False,0.02819314271921236,0.008867438171014985,7
ETH,2021,2021-01-06,2021-12-31,360,ETH_Lagged_Return,-0.1387569681072996,0.08275185574691167,-1.6767837633958809,0.09447256629712067,-0.301507213375237,0.023993277160637816,Negative,*,False,0.02819314271921236,0.008867438171014985,7
ETH,2021,2021-01-06,2021-12-31,360,Lagged_Log_ETH_Volume,0.002432209148483166,0.008582479742505793,0.2833923552929987,0.7770426861991147,-0.014447178878437926,0.01931159717540426,Positive,,False,0.02819314271921236,0.008867438171014985,7
ETH,2021,2021-01-06,2021-12-31,360,Lagged_SP500_Return_Aligned,0.6002499469758739,0.6479711903539984,0.9263528315941738,0.35489733184993927,-0.6741319892939518,1.8746318832456996,Positive,,False,0.02819314271921236,0.008867438171014985,7
ETH,2021,2021-01-06,2021-12-31,360,Lagged_VIX_Change_Aligned,0.0002504826915230041,0.0023434808704165077,0.10688488849430451,0.9149411923571884,-0.004358502605525638,0.0048594679885716465,Positive,,False,0.02819314271921236,0.008867438171014985,7
ETH,2021,2021-01-06,2021-12-31,360,Lagged_Gold_Return_Aligned,0.15343417235020282,0.4114585419121208,0.3729031159182333,0.7094449978627227,-0.6557921345327665,0.9626604792331722,Positive,,False,0.02819314271921236,0.008867438171014985,7
ETH,2021,2021-01-06,2021-12-31,360,Lagged_DXY_Return_Aligned,1.5902962583471147,1.1552840676781244,1.3765413224673586,0.1695290555220135,-0.681831220507306,3.8624237372015355,Positive,,False,0.02819314271921236,0.008867438171014985,7
ETH,2021,2021-01-06,2021-12-31,360,Lagged_US10Y_Change_Aligned,-0.046172969750025064,0.05690409519376448,-0.8114173433880497,0.41767436786791295,-0.15808774635466763,0.0657418068546175,Negative,,False,0.02819314271921236,0.008867438171014985,7
ETH,2022,2022-01-01,2022-12-31,365,const,0.13735466991176826,0.11112734157414256,1.2360114798582418,0.21726693290805396,-0.08119182768615008,0.3559011675096866,Positive,,False,0.009927711002585049,-0.009485471134619061,7
ETH,2022,2022-01-01,2022-12-31,365,ETH_Lagged_Return,-0.011914284825631553,0.0926404128978374,-0.12860785539428096,0.8977403701146794,-0.19410381161584445,0.17027524196458133,Negative,,False,0.009927711002585049,-0.009485471134619061,7
ETH,2022,2022-01-01,2022-12-31,365,Lagged_Log_ETH_Volume,-0.0060106263876903866,0.004807664508042619,-1.2502175178062787,0.21203897320150866,-0.015465529429328639,0.003444276653947866,Negative,,False,0.009927711002585049,-0.009485471134619061,7
ETH,2022,2022-01-01,2022-12-31,365,Lagged_SP500_Return_Aligned,0.048711827028208254,0.3314768239176434,0.14695394523362176,0.8832513241103037,-0.6031808384122752,0.7006044924686918,Positive,,False,0.009927711002585049,-0.009485471134619061,7
ETH,2022,2022-01-01,2022-12-31,365,Lagged_VIX_Change_Aligned,-0.0007001345355961354,0.0025749629003358953,-0.2719008244758809,0.7858554522284316,-0.005764136925480803,0.004363867854288531,Negative,,False,0.009927711002585049,-0.009485471134619061,7
ETH,2022,2022-01-01,2022-12-31,365,Lagged_Gold_Return_Aligned,-0.34325456346127203,0.30164619407571475,-1.1379376574368891,0.255909621989384,-0.936481381408735,0.24997225448619098,Negative,,False,0.009927711002585049,-0.009485471134619061,7
ETH,2022,2022-01-01,2022-12-31,365,Lagged_DXY_Return_Aligned,0.19894175448614948,0.5388091542029471,0.36922489704251826,0.7121789933037402,-0.8606971413672752,1.258580650339574,Positive,,False,0.009927711002585049,-0.009485471134619061,7
ETH,2022,2022-01-01,2022-12-31,365,Lagged_US10Y_Change_Aligned,-0.0233978383464446,0.027846908664314895,-0.8402310873532736,0.40134119409254304,-0.07816243787080882,0.03136676117791961,Negative,,False,0.009927711002585049,-0.009485471134619061,7
ETH,2023,2023-01-01,2023-12-31,365,const,-0.06084272617145949,0.05089539614818388,-1.1954465585514569,0.23270608254802003,-0.1609352003950335,0.03924974805211453,Negative,,False,0.05408402997324924,0.0355366580119405,7
ETH,2023,2023-01-01,2023-12-31,365,ETH_Lagged_Return,-0.06394912901727963,0.06022010975078182,-1.0619231562667386,0.28898840413401045,-0.1823798759834964,0.05448161794893713,Negative,,False,0.05408402997324924,0.0355366580119405,7
ETH,2023,2023-01-01,2023-12-31,365,Lagged_Log_ETH_Volume,0.00277551892966969,0.0022565464510894083,1.2299852849604465,0.21951253048037142,-0.0016622757351434972,0.007213313594482877,Positive,,False,0.05408402997324924,0.0355366580119405,7
ETH,2023,2023-01-01,2023-12-31,365,Lagged_SP500_Return_Aligned,-0.3193575766512866,0.19712736570192818,-1.6200570403511603,0.10610297535490028,-0.7070344052751143,0.06831925197254102,Negative,,False,0.05408402997324924,0.0355366580119405,7
ETH,2023,2023-01-01,2023-12-31,365,Lagged_VIX_Change_Aligned,-0.0005142544453174836,0.001828358614831666,-0.2812656341845881,0.7786696164855965,-0.004109961550016349,0.003081452659381382,Negative,,False,0.05408402997324924,0.0355366580119405,7
ETH,2023,2023-01-01,2023-12-31,365,Lagged_Gold_Return_Aligned,0.1995969466717219,0.189118218193946,1.0554083502787113,0.2919523160550716,-0.17232884254253988,0.5715227358859837,Positive,,False,0.05408402997324924,0.0355366580119405,7
ETH,2023,2023-01-01,2023-12-31,365,Lagged_DXY_Return_Aligned,-0.6697134785293527,0.3414278326411994,-1.9615081563463017,0.05059657440992674,-1.3411761082404972,0.0017491511817917527,Negative,*,False,0.05408402997324924,0.0355366580119405,7
ETH,2023,2023-01-01,2023-12-31,365,Lagged_US10Y_Change_Aligned,-0.021293182554328566,0.021438174242345363,-0.9932367520490432,0.3212673121275675,-0.0634541649839547,0.020867799875297566,Negative,,False,0.05408402997324924,0.0355366580119405,7
ETH,2024,2024-01-01,2024-12-31,366,const,-0.05732654845077405,0.08065145509362329,-0.7107937282002811,0.47767487593464125,-0.21593670970100098,0.10128361279945287,Negative,,False,0.01675601209989719,-0.0024694290042948097,7
ETH,2024,2024-01-01,2024-12-31,366,ETH_Lagged_Return,0.021442434139763277,0.051634528326085234,0.415273167682463,0.6781907144920567,-0.0801026756709996,0.12298754395052616,Positive,,False,0.01675601209989719,-0.0024694290042948097,7
ETH,2024,2024-01-01,2024-12-31,366,Lagged_Log_ETH_Volume,0.002456334074685859,0.003423277109958933,0.717538778131615,0.4735096470435913,-0.004275925545236694,0.009188593694608413,Positive,,False,0.01675601209989719,-0.0024694290042948097,7
ETH,2024,2024-01-01,2024-12-31,366,Lagged_SP500_Return_Aligned,0.16767887289585212,0.38181231406275146,0.4391657018906253,0.6608064216261214,-0.5831980037893326,0.9185557495810369,Positive,,False,0.01675601209989719,-0.0024694290042948097,7
ETH,2024,2024-01-01,2024-12-31,366,Lagged_VIX_Change_Aligned,-0.00067748416081145,0.001960025443996378,-0.34565069697773876,0.729808260494551,-0.004532094736230478,0.0031771264146075776,Negative,,False,0.01675601209989719,-0.0024694290042948097,7
ETH,2024,2024-01-01,2024-12-31,366,Lagged_Gold_Return_Aligned,0.1184523229228473,0.19985749534608377,0.5926839156956761,0.5537668868412011,-0.2745899294098715,0.5114945752555661,Positive,,False,0.01675601209989719,-0.0024694290042948097,7
ETH,2024,2024-01-01,2024-12-31,366,Lagged_DXY_Return_Aligned,0.6268338204420054,0.5575630076658805,1.1242385377504016,0.26166509147741646,-0.46967657047887634,1.7233442113628872,Positive,,False,0.01675601209989719,-0.0024694290042948097,7
ETH,2024,2024-01-01,2024-12-31,366,Lagged_US10Y_Change_Aligned,0.025574029956520125,0.042169487665229786,0.6064581613972703,0.5445949221650171,-0.05735701239922256,0.1085050723122628,Positive,,False,0.01675601209989719,-0.0024694290042948097,7
ETH,2025,2025-01-01,2025-12-31,365,const,-0.03665920362232825,0.09815814350326309,-0.37347083302476664,0.7090197245248518,-0.22970007159845512,0.15638166435379863,Negative,,False,0.010946683694439963,-0.008446518586061158,7
ETH,2025,2025-01-01,2025-12-31,365,ETH_Lagged_Return,-0.041699747461800586,0.07597593847316372,-0.5488546545105172,0.5834482954038812,-0.1911163988440955,0.10771690392049435,Negative,,False,0.010946683694439963,-0.008446518586061158,7
ETH,2025,2025-01-01,2025-12-31,365,Lagged_Log_ETH_Volume,0.0015130580157203801,0.004136110806686744,0.36581660560791995,0.7147185942242344,-0.0066211465614241,0.009647262592864862,Positive,,False,0.010946683694439963,-0.008446518586061158,7
ETH,2025,2025-01-01,2025-12-31,365,Lagged_SP500_Return_Aligned,-0.3633488954505361,0.32471936497840326,-1.1189628172459074,0.2639083220388682,-1.00195213127889,0.27525434037781765,Negative,,False,0.010946683694439963,-0.008446518586061158,7
ETH,2025,2025-01-01,2025-12-31,365,Lagged_VIX_Change_Aligned,-0.0009762248566290495,0.0019053094680629768,-0.5123707581328106,0.6087083914062901,-0.004723265910495178,0.0027708161972370797,Negative,,False,0.010946683694439963,-0.008446518586061158,7
ETH,2025,2025-01-01,2025-12-31,365,Lagged_Gold_Return_Aligned,0.0964092345342874,0.16592243891001524,0.581050008471567,0.5615733907224573,-0.22989901133061585,0.42271748039919066,Positive,,False,0.010946683694439963,-0.008446518586061158,7
ETH,2025,2025-01-01,2025-12-31,365,Lagged_DXY_Return_Aligned,-0.1116257035832885,0.6736663663902975,-0.16569879268488916,0.8684877906123045,-1.4364790010581276,1.2132275938915504,Negative,,False,0.010946683694439963,-0.008446518586061158,7
ETH,2025,2025-01-01,2025-12-31,365,Lagged_US10Y_Change_Aligned,0.05489382878049596,0.04021688743861013,1.3649447353251727,0.17313001374977652,-0.024197956998739063,0.133985614559731,Positive,,False,0.010946683694439963,-0.008446518586061158,7
