Date,Asset,Raw_Reddit_Post_Count,Retained_Reddit_Post_Count_Coverage,Excluded_Reddit_Post_Count,Reddit_Observation_Status,Within_Reddit_Source_Coverage,Reddit_Post_Count,Log_Reddit_Post_Count,Reddit_Sentiment
2025-12-31,BTC,0,0,0,OUTSIDE_REDDIT_SOURCE_COVERAGE,False,,,
2023-04-22,ETH,1,0,1,RAW_POSTS_ALL_EXCLUDED,True,0.0,0.0,
2023-06-13,ETH,0,0,0,GENUINE_ZERO_OBSERVED_RAW_ACTIVITY,True,0.0,0.0,
2023-06-14,ETH,0,0,0,GENUINE_ZERO_OBSERVED_RAW_ACTIVITY,True,0.0,0.0,
2023-08-19,ETH,1,0,1,RAW_POSTS_ALL_EXCLUDED,True,0.0,0.0,
2023-08-30,ETH,1,0,1,RAW_POSTS_ALL_EXCLUDED,True,0.0,0.0,
2023-09-23,ETH,1,0,1,RAW_POSTS_ALL_EXCLUDED,True,0.0,0.0,
2023-09-27,ETH,0,0,0,GENUINE_ZERO_OBSERVED_RAW_ACTIVITY,True,0.0,0.0,
2023-10-09,ETH,1,0,1,RAW_POSTS_ALL_EXCLUDED,True,0.0,0.0,
2023-10-14,ETH,0,0,0,GENUINE_ZERO_OBSERVED_RAW_ACTIVITY,True,0.0,0.0,
2023-11-12,ETH,0,0,0,GENUINE_ZERO_OBSERVED_RAW_ACTIVITY,True,0.0,0.0,
2024-05-13,ETH,0,0,0,GENUINE_ZERO_OBSERVED_RAW_ACTIVITY,True,0.0,0.0,
2024-06-01,ETH,1,0,1,RAW_POSTS_ALL_EXCLUDED,True,0.0,0.0,
2024-06-14,ETH,0,0,0,GENUINE_ZERO_OBSERVED_RAW_ACTIVITY,True,0.0,0.0,
2024-06-30,ETH,0,0,0,GENUINE_ZERO_OBSERVED_RAW_ACTIVITY,True,0.0,0.0,
2024-07-06,ETH,2,0,2,RAW_POSTS_ALL_EXCLUDED,True,0.0,0.0,
2024-07-21,ETH,0,0,0,GENUINE_ZERO_OBSERVED_RAW_ACTIVITY,True,0.0,0.0,
2024-08-05,ETH,0,0,0,GENUINE_ZERO_OBSERVED_RAW_ACTIVITY,True,0.0,0.0,
2024-08-21,ETH,1,0,1,RAW_POSTS_ALL_EXCLUDED,True,0.0,0.0,
2024-08-28,ETH,0,0,0,GENUINE_ZERO_OBSERVED_RAW_ACTIVITY,True,0.0,0.0,
2024-08-30,ETH,0,0,0,GENUINE_ZERO_OBSERVED_RAW_ACTIVITY,True,0.0,0.0,
2024-09-01,ETH,0,0,0,GENUINE_ZERO_OBSERVED_RAW_ACTIVITY,True,0.0,0.0,
2024-10-03,ETH,0,0,0,GENUINE_ZERO_OBSERVED_RAW_ACTIVITY,True,0.0,0.0,
2025-12-31,ETH,0,0,0,OUTSIDE_REDDIT_SOURCE_COVERAGE,False,,,
