Asset,Model,Sample,N,Parameter,Coefficient,HAC_SE,t_stat,p_value,CI_95_Lower,CI_95_Upper,Significance,R_Squared,Adjusted_R_Squared,AIC,BIC,HAC_Maxlags
BTC,R0_Benchmark_CrossCrypto,Common_Main_Model_Sample,1821,const,0.01149398474889508,0.03187004953437801,0.36065161230755527,0.7183599012435442,-0.05097016452399335,0.0739581340217835,,0.014588037502276663,0.010237432811337488,-7243.883296657579,-7194.319026940031,7
BTC,R0_Benchmark_CrossCrypto,Common_Main_Model_Sample,1821,Own_Lagged_Return,-0.15419754574829722,0.12117226873613986,-1.2725481445269624,0.20317842957400112,-0.3916908283961401,0.08329573689954567,,0.014588037502276663,0.010237432811337488,-7243.883296657579,-7194.319026940031,7
BTC,R0_Benchmark_CrossCrypto,Common_Main_Model_Sample,1821,Lagged_Log_Crypto_Volume,-0.00045479610076240627,0.00132713694062954,-0.34268965533177714,0.7318319458635256,-0.0030559367069489763,0.002146344505424164,,0.014588037502276663,0.010237432811337488,-7243.883296657579,-7194.319026940031,7
BTC,R0_Benchmark_CrossCrypto,Common_Main_Model_Sample,1821,Lagged_SP500_Return_Aligned,0.0601252909600144,0.14320688218400832,0.4198491723516378,0.6745956406059753,-0.2205550404589126,0.3408056223789414,,0.014588037502276663,0.010237432811337488,-7243.883296657579,-7194.319026940031,7
BTC,R0_Benchmark_CrossCrypto,Common_Main_Model_Sample,1821,Lagged_VIX_Change_Aligned,0.00013035374014567513,0.0007232440821427616,0.18023478292345643,0.8569682527162794,-0.0012871786128858661,0.0015478860931772164,,0.014588037502276663,0.010237432811337488,-7243.883296657579,-7194.319026940031,7
BTC,R0_Benchmark_CrossCrypto,Common_Main_Model_Sample,1821,Lagged_Gold_Return_Aligned,0.08126366647954596,0.08654421087398721,0.9389844295636366,0.34773873864456983,-0.08835986990390869,0.2508872028630006,,0.014588037502276663,0.010237432811337488,-7243.883296657579,-7194.319026940031,7
BTC,R0_Benchmark_CrossCrypto,Common_Main_Model_Sample,1821,Lagged_DXY_Return_Aligned,-0.017299434045111573,0.21052981689416914,-0.0821709451911403,0.9345107776702597,-0.4299302928294953,0.39533142473927213,,0.014588037502276663,0.010237432811337488,-7243.883296657579,-7194.319026940031,7
BTC,R0_Benchmark_CrossCrypto,Common_Main_Model_Sample,1821,Lagged_US10Y_Change_Aligned,0.0019171152069068745,0.01504211181811068,0.12744987074213016,0.8985843468839907,-0.027564882208014372,0.031399112621828124,,0.014588037502276663,0.010237432811337488,-7243.883296657579,-7194.319026940031,7
BTC,R0_Benchmark_CrossCrypto,Common_Main_Model_Sample,1821,Cross_Crypto_Lagged_Return,0.038411196506184075,0.07668707296054164,0.5008822872395725,0.616453969051041,-0.11189270457627296,0.1887150975886411,,0.014588037502276663,0.010237432811337488,-7243.883296657579,-7194.319026940031,7
BTC,R1_Activity_CrossCrypto,Common_Main_Model_Sample,1821,const,0.032375451599164634,0.0327217844403295,0.9894158326910188,0.3224597312931693,-0.031758067413764315,0.09650897061209358,,0.01563775693961955,0.01074584076759122,-7243.824168124944,-7188.7527573276675,7
BTC,R1_Activity_CrossCrypto,Common_Main_Model_Sample,1821,Own_Lagged_Return,-0.15479499723148057,0.12123552928905434,-1.2768121534934902,0.2016685737442857,-0.39241226828467796,0.08282227382171681,,0.01563775693961955,0.01074584076759122,-7243.824168124944,-7188.7527573276675,7
BTC,R1_Activity_CrossCrypto,Common_Main_Model_Sample,1821,Lagged_Log_Crypto_Volume,-0.0017412751287880174,0.001499155644111095,-1.1615039009645218,0.2454370376968248,-0.0046795661984657105,0.0011970159408896755,,0.01563775693961955,0.01074584076759122,-7243.824168124944,-7188.7527573276675,7
BTC,R1_Activity_CrossCrypto,Common_Main_Model_Sample,1821,Lagged_SP500_Return_Aligned,0.06182322737476547,0.14271423053681043,0.43319595489686885,0.6648724173460203,-0.21789152455872934,0.3415379793082603,,0.01563775693961955,0.01074584076759122,-7243.824168124944,-7188.7527573276675,7
BTC,R1_Activity_CrossCrypto,Common_Main_Model_Sample,1821,Lagged_VIX_Change_Aligned,0.00015588797868489317,0.0007164801886994219,0.21757472313067874,0.8277604807003393,-0.0012483873868024357,0.0015601633441722218,,0.01563775693961955,0.01074584076759122,-7243.824168124944,-7188.7527573276675,7
BTC,R1_Activity_CrossCrypto,Common_Main_Model_Sample,1821,Lagged_Gold_Return_Aligned,0.08593990552986741,0.08662986120992934,0.9920355906101481,0.32118016416395023,-0.08385150242729755,0.2557313134870324,,0.01563775693961955,0.01074584076759122,-7243.824168124944,-7188.7527573276675,7
BTC,R1_Activity_CrossCrypto,Common_Main_Model_Sample,1821,Lagged_DXY_Return_Aligned,-0.02943538485652504,0.20851063379606194,-0.14116970593123282,0.8877358775380149,-0.4381087174904266,0.37923794777737657,,0.01563775693961955,0.01074584076759122,-7243.824168124944,-7188.7527573276675,7
BTC,R1_Activity_CrossCrypto,Common_Main_Model_Sample,1821,Lagged_US10Y_Change_Aligned,0.0025277185055106177,0.015097874088591607,0.16742214769300767,0.8670378997781746,-0.027063570951249425,0.03211900796227066,,0.01563775693961955,0.01074584076759122,-7243.824168124944,-7188.7527573276675,7
BTC,R1_Activity_CrossCrypto,Common_Main_Model_Sample,1821,Cross_Crypto_Lagged_Return,0.037394149870171804,0.07659322975529674,0.4882174310920195,0.6253958390745806,-0.11272582190981142,0.18751412165015505,,0.01563775693961955,0.01074584076759122,-7243.824168124944,-7188.7527573276675,7
BTC,R1_Activity_CrossCrypto,Common_Main_Model_Sample,1821,Lagged_Log_Reddit_Post_Count,0.0025417516260281612,0.0020550983245088495,1.2368029284611566,0.21616025462769917,-0.0014861670746977927,0.006569670326754115,,0.01563775693961955,0.01074584076759122,-7243.824168124944,-7188.7527573276675,7
BTC,R2_Sentiment_CrossCrypto,Common_Main_Model_Sample,1821,const,0.011662770748319763,0.03197471251295494,0.3647498235861996,0.7152981632109661,-0.05100651419309412,0.07433205568973364,,0.014661821621131166,0.00976505541162831,-7242.019651721279,-7186.948240924003,7
BTC,R2_Sentiment_CrossCrypto,Common_Main_Model_Sample,1821,Own_Lagged_Return,-0.15463600789305357,0.12065070373994438,-1.281683430760276,0.19995371965996767,-0.3911070419327566,0.08183502614664942,,0.014661821621131166,0.00976505541162831,-7242.019651721279,-7186.948240924003,7
BTC,R2_Sentiment_CrossCrypto,Common_Main_Model_Sample,1821,Lagged_Log_Crypto_Volume,-0.0004651369519380917,0.001334623074153871,-0.3485155928635363,0.7274530055773947,-0.003080950110215809,0.0021506762063396253,,0.014661821621131166,0.00976505541162831,-7242.019651721279,-7186.948240924003,7
BTC,R2_Sentiment_CrossCrypto,Common_Main_Model_Sample,1821,Lagged_SP500_Return_Aligned,0.05840053560917524,0.14338280990087598,0.4073050015517826,0.6837839897900961,-0.22262460779869475,0.33942567901704523,,0.014661821621131166,0.00976505541162831,-7242.019651721279,-7186.948240924003,7
BTC,R2_Sentiment_CrossCrypto,Common_Main_Model_Sample,1821,Lagged_VIX_Change_Aligned,0.00012011757650941254,0.0007293598722837281,0.16468903907930602,0.869188744722653,-0.001309401504935428,0.0015496366579542532,,0.014661821621131166,0.00976505541162831,-7242.019651721279,-7186.948240924003,7
BTC,R2_Sentiment_CrossCrypto,Common_Main_Model_Sample,1821,Lagged_Gold_Return_Aligned,0.08051994386779938,0.0869085268278866,0.9264907231399843,0.3541910159562419,-0.08981763866429142,0.2508575263998902,,0.014661821621131166,0.00976505541162831,-7242.019651721279,-7186.948240924003,7
BTC,R2_Sentiment_CrossCrypto,Common_Main_Model_Sample,1821,Lagged_DXY_Return_Aligned,-0.016997094626310667,0.21005472189207178,-0.080917460332284,0.9355075941616742,-0.4286967843173486,0.39470259506472727,,0.014661821621131166,0.00976505541162831,-7242.019651721279,-7186.948240924003,7
BTC,R2_Sentiment_CrossCrypto,Common_Main_Model_Sample,1821,Lagged_US10Y_Change_Aligned,0.0016673142172193745,0.015165415080884039,0.10994187816995653,0.9124554698547414,-0.028056353151913932,0.03139098158635268,,0.014661821621131166,0.00976505541162831,-7242.019651721279,-7186.948240924003,7
BTC,R2_Sentiment_CrossCrypto,Common_Main_Model_Sample,1821,Cross_Crypto_Lagged_Return,0.03779168263731735,0.07685705176335308,0.4917139256613685,0.6229215923592599,-0.11284537077678533,0.18842873605142005,,0.014661821621131166,0.00976505541162831,-7242.019651721279,-7186.948240924003,7
BTC,R2_Sentiment_CrossCrypto,Common_Main_Model_Sample,1821,Lagged_Reddit_Sentiment,0.003860257176417032,0.011113283877987736,0.34735522090487647,0.7283244699303935,-0.017921378974408556,0.02564189332724262,,0.014661821621131166,0.00976505541162831,-7242.019651721279,-7186.948240924003,7
BTC,R3_Both_CrossCrypto,Common_Main_Model_Sample,1821,const,0.033298202139138144,0.03337895138304734,0.9975808334125736,0.31848265894679395,-0.032123340413348064,0.09871974469162435,,0.015772893017647727,0.010335174194540664,-7242.074177400336,-7181.495625523333,7
BTC,R3_Both_CrossCrypto,Common_Main_Model_Sample,1821,Own_Lagged_Return,-0.15541075526001086,0.12057929071102708,-1.288867718026794,0.19744407865876112,-0.391741822335009,0.0809203118149873,,0.015772893017647727,0.010335174194540664,-7242.074177400336,-7181.495625523333,7
BTC,R3_Both_CrossCrypto,Common_Main_Model_Sample,1821,Lagged_Log_Crypto_Volume,-0.0017980459526784826,0.0015405237199484175,-1.1671653797960917,0.24314358896592292,-0.0048174169611070496,0.0012213250557500841,,0.015772893017647727,0.010335174194540664,-7242.074177400336,-7181.495625523333,7
BTC,R3_Both_CrossCrypto,Common_Main_Model_Sample,1821,Lagged_SP500_Return_Aligned,0.059535466237795855,0.14284973934972506,0.41676986257595466,0.6768467482206237,-0.22044487808859944,0.33951581056419117,,0.015772893017647727,0.010335174194540664,-7242.074177400336,-7181.495625523333,7
BTC,R3_Both_CrossCrypto,Common_Main_Model_Sample,1821,Lagged_VIX_Change_Aligned,0.00014282370472215247,0.0007224052090168516,0.197705806851153,0.843275246185851,-0.0012730644871950067,0.0015587118966393116,,0.015772893017647727,0.010335174194540664,-7242.074177400336,-7181.495625523333,7
BTC,R3_Both_CrossCrypto,Common_Main_Model_Sample,1821,Lagged_Gold_Return_Aligned,0.085084371977875,0.08684535430173232,0.9797227803603745,0.3272229781195166,-0.08512939467814101,0.255298138633891,,0.015772893017647727,0.010335174194540664,-7242.074177400336,-7181.495625523333,7
BTC,R3_Both_CrossCrypto,Common_Main_Model_Sample,1821,Lagged_DXY_Return_Aligned,-0.029427434798394197,0.20762697802896823,-0.14173223093527115,0.8872915153223416,-0.43636883395406106,0.37751396435727264,,0.015772893017647727,0.010335174194540664,-7242.074177400336,-7181.495625523333,7
BTC,R3_Both_CrossCrypto,Common_Main_Model_Sample,1821,Lagged_US10Y_Change_Aligned,0.0022084849652678406,0.015203383502247564,0.14526272819082367,0.8845034411351822,-0.027589599142287816,0.032006569072823496,,0.015772893017647727,0.010335174194540664,-7242.074177400336,-7181.495625523333,7
BTC,R3_Both_CrossCrypto,Common_Main_Model_Sample,1821,Cross_Crypto_Lagged_Return,0.03651838956087948,0.07671999921250502,0.4759956978066176,0.6340774429002495,-0.11385004578957168,0.18688682491133063,,0.015772893017647727,0.010335174194540664,-7242.074177400336,-7181.495625523333,7
BTC,R3_Both_CrossCrypto,Common_Main_Model_Sample,1821,Lagged_Log_Reddit_Post_Count,0.0026261482939751134,0.0020727858677754485,1.266965553365888,0.2051676070986478,-0.001436437354528368,0.006688733942478595,,0.015772893017647727,0.010335174194540664,-7242.074177400336,-7181.495625523333,7
BTC,R3_Both_CrossCrypto,Common_Main_Model_Sample,1821,Lagged_Reddit_Sentiment,0.005246530703571575,0.011303245954843588,0.4641614209344324,0.6425320990710406,-0.016907424276319912,0.027400485683463063,,0.015772893017647727,0.010335174194540664,-7242.074177400336,-7181.495625523333,7
ETH,R0_Benchmark_CrossCrypto,Common_Main_Model_Sample,1799,const,-0.0049767213817924726,0.03273570439578359,-0.15202731921154206,0.879165388475926,-0.06913752300607784,0.05918408024249289,,0.00417874137414731,-0.0002718564297670145,-6329.735156627452,-6280.280280521897,7
ETH,R0_Benchmark_CrossCrypto,Common_Main_Model_Sample,1799,Own_Lagged_Return,-0.06528440241189763,0.047962169100825715,-1.3611645101925487,0.17346170687107276,-0.15928852646993585,0.028719721646140603,,0.00417874137414731,-0.0002718564297670145,-6329.735156627452,-6280.280280521897,7
ETH,R0_Benchmark_CrossCrypto,Common_Main_Model_Sample,1799,Lagged_Log_Crypto_Volume,0.00023162011304014979,0.001415177018765055,0.16366865061324384,0.8699919978902373,-0.002542075875488122,0.0030053161015684217,,0.00417874137414731,-0.0002718564297670145,-6329.735156627452,-6280.280280521897,7
ETH,R0_Benchmark_CrossCrypto,Common_Main_Model_Sample,1799,Lagged_SP500_Return_Aligned,0.04103834404886907,0.17836192026831682,0.23008467271003522,0.818025974820248,-0.3085445958904366,0.39062128398817475,,0.00417874137414731,-0.0002718564297670145,-6329.735156627452,-6280.280280521897,7
ETH,R0_Benchmark_CrossCrypto,Common_Main_Model_Sample,1799,Lagged_VIX_Change_Aligned,-0.000556694702864405,0.0010239569471015193,-0.5436700287450776,0.5866685604661102,-0.0025636134409029684,0.0014502240351741582,,0.00417874137414731,-0.0002718564297670145,-6329.735156627452,-6280.280280521897,7
ETH,R0_Benchmark_CrossCrypto,Common_Main_Model_Sample,1799,Lagged_Gold_Return_Aligned,0.08027087907194787,0.11799918425115026,0.6802663898175667,0.49633580193161253,-0.1510032722654126,0.3115450304093083,,0.00417874137414731,-0.0002718564297670145,-6329.735156627452,-6280.280280521897,7
ETH,R0_Benchmark_CrossCrypto,Common_Main_Model_Sample,1799,Lagged_DXY_Return_Aligned,0.25687240941244976,0.3234914365413458,0.7940624708920806,0.42715906417429383,-0.3771591555157124,0.890903974340612,,0.00417874137414731,-0.0002718564297670145,-6329.735156627452,-6280.280280521897,7
ETH,R0_Benchmark_CrossCrypto,Common_Main_Model_Sample,1799,Lagged_US10Y_Change_Aligned,-0.012400018093317698,0.016968305913132604,-0.7307752557502347,0.46491643990254583,-0.04565728656171564,0.02085725037508024,,0.00417874137414731,-0.0002718564297670145,-6329.735156627452,-6280.280280521897,7
ETH,R0_Benchmark_CrossCrypto,Common_Main_Model_Sample,1799,Cross_Crypto_Lagged_Return,0.009516502439285817,0.046497103132413,0.20466871693458016,0.8378309632567239,-0.08161614508568821,0.10064914996425983,,0.00417874137414731,-0.0002718564297670145,-6329.735156627452,-6280.280280521897,7
ETH,R1_Activity_CrossCrypto,Common_Main_Model_Sample,1799,const,-0.00454112570974521,0.0324529829016779,-0.13992937794049196,0.8887157893990851,-0.06814780338792807,0.05906555196843765,,0.00418128400575013,-0.0008284244592851042,-6327.739750022154,-6272.789887682648,7
ETH,R1_Activity_CrossCrypto,Common_Main_Model_Sample,1799,Own_Lagged_Return,-0.06534994808323058,0.04795220162775164,-1.36281434146728,0.17294103009895645,-0.15933453625302674,0.02863464008656559,,0.00418128400575013,-0.0008284244592851042,-6327.739750022154,-6272.789887682648,7
ETH,R1_Activity_CrossCrypto,Common_Main_Model_Sample,1799,Lagged_Log_Crypto_Volume,0.0002049183364474976,0.0014149802050849682,0.14482063827542552,0.8848524870184831,-0.0025683919043561396,0.0029782285772511348,,0.00418128400575013,-0.0008284244592851042,-6327.739750022154,-6272.789887682648,7
ETH,R1_Activity_CrossCrypto,Common_Main_Model_Sample,1799,Lagged_SP500_Return_Aligned,0.04128573195020946,0.17800855708027666,0.23193116458772708,0.8165914785732736,-0.30760462886707524,0.39017609276749415,,0.00418128400575013,-0.0008284244592851042,-6327.739750022154,-6272.789887682648,7
ETH,R1_Activity_CrossCrypto,Common_Main_Model_Sample,1799,Lagged_VIX_Change_Aligned,-0.000555954597363939,0.0010230404276973513,-0.5434336535607648,0.5868312599188218,-0.0025610769903792008,0.0014491677956513225,,0.00418128400575013,-0.0008284244592851042,-6327.739750022154,-6272.789887682648,7
ETH,R1_Activity_CrossCrypto,Common_Main_Model_Sample,1799,Lagged_Gold_Return_Aligned,0.08064273619594842,0.1179253170975861,0.6838458287054219,0.49407252406340674,-0.15048663818078578,0.3117721105726826,,0.00418128400575013,-0.0008284244592851042,-6327.739750022154,-6272.789887682648,7
ETH,R1_Activity_CrossCrypto,Common_Main_Model_Sample,1799,Lagged_DXY_Return_Aligned,0.25672273560508657,0.3239388987140351,0.7925035759034138,0.4280671075434671,-0.3781858390659906,0.8916313102761637,,0.00418128400575013,-0.0008284244592851042,-6327.739750022154,-6272.789887682648,7
ETH,R1_Activity_CrossCrypto,Common_Main_Model_Sample,1799,Lagged_US10Y_Change_Aligned,-0.01240449143076371,0.01696846232012828,-0.731032146386611,0.4647595178830429,-0.0456620664512401,0.020853083589712686,,0.00418128400575013,-0.0008284244592851042,-6327.739750022154,-6272.789887682648,7
ETH,R1_Activity_CrossCrypto,Common_Main_Model_Sample,1799,Cross_Crypto_Lagged_Return,0.009540998391602381,0.04650594839593921,0.20515651697655687,0.8374498412241174,-0.08160898553131676,0.10069098231452153,,0.00418128400575013,-0.0008284244592851042,-6327.739750022154,-6272.789887682648,7
ETH,R1_Activity_CrossCrypto,Common_Main_Model_Sample,1799,Lagged_Log_Reddit_Post_Count,8.919444756143897e-05,0.0014403119625826042,0.061927172639395144,0.9506208283845078,-0.0027337651256026676,0.002912154020725545,,0.00418128400575013,-0.0008284244592851042,-6327.739750022154,-6272.789887682648,7
ETH,R2_Sentiment_CrossCrypto,Common_Main_Model_Sample,1799,const,-0.002239148332273417,0.03293331796616192,-0.0679903657012051,0.9457933035947796,-0.06678726543735668,0.06230896877280985,,0.0043536974338740375,-0.0006551436634401053,-6328.051251108118,-6273.101388768612,7
ETH,R2_Sentiment_CrossCrypto,Common_Main_Model_Sample,1799,Own_Lagged_Return,-0.06576509728783488,0.04810322493315072,-1.3671660762709557,0.17157325587534167,-0.16004568569703945,0.028515491121369696,,0.0043536974338740375,-0.0006551436634401053,-6328.051251108118,-6273.101388768612,7
ETH,R2_Sentiment_CrossCrypto,Common_Main_Model_Sample,1799,Lagged_Log_Crypto_Volume,0.00010680522661327088,0.0014254676330265697,0.07492644809233638,0.9402732331648207,-0.0026870599952463644,0.002900670448472906,,0.0043536974338740375,-0.0006551436634401053,-6328.051251108118,-6273.101388768612,7
ETH,R2_Sentiment_CrossCrypto,Common_Main_Model_Sample,1799,Lagged_SP500_Return_Aligned,0.040514003736931065,0.17839688327841233,0.22710040104065896,0.8203456722104747,-0.3091374624429529,0.390165469916815,,0.0043536974338740375,-0.0006551436634401053,-6328.051251108118,-6273.101388768612,7
ETH,R2_Sentiment_CrossCrypto,Common_Main_Model_Sample,1799,Lagged_VIX_Change_Aligned,-0.0005652767215497266,0.001026262589619906,-0.5508109983421363,0.5817632438817215,-0.002576714435885552,0.0014461609927860987,,0.0043536974338740375,-0.0006551436634401053,-6328.051251108118,-6273.101388768612,7
ETH,R2_Sentiment_CrossCrypto,Common_Main_Model_Sample,1799,Lagged_Gold_Return_Aligned,0.08039822246243578,0.1181455523034665,0.6805014737747078,0.4961869889718825,-0.1511628049859518,0.31195924991082336,,0.0043536974338740375,-0.0006551436634401053,-6328.051251108118,-6273.101388768612,7
ETH,R2_Sentiment_CrossCrypto,Common_Main_Model_Sample,1799,Lagged_DXY_Return_Aligned,0.25980552598154577,0.3238390567352556,0.8022674244445492,0.42239828164753346,-0.37490736200697844,0.8945184139700699,,0.0043536974338740375,-0.0006551436634401053,-6328.051251108118,-6273.101388768612,7
ETH,R2_Sentiment_CrossCrypto,Common_Main_Model_Sample,1799,Lagged_US10Y_Change_Aligned,-0.012447744572049139,0.01696225990735494,-0.7338494186527421,0.46304051761998566,-0.04569316308687254,0.020797673942774257,,0.0043536974338740375,-0.0006551436634401053,-6328.051251108118,-6273.101388768612,7
ETH,R2_Sentiment_CrossCrypto,Common_Main_Model_Sample,1799,Cross_Crypto_Lagged_Return,0.009699514575790439,0.04654704379895834,0.20838089348238054,0.8349315736765343,-0.08153101485697636,0.10093004400855723,,0.0043536974338740375,-0.0006551436634401053,-6328.051251108118,-6273.101388768612,7
ETH,R2_Sentiment_CrossCrypto,Common_Main_Model_Sample,1799,Lagged_Reddit_Sentiment,0.002478958918821986,0.003933600830402515,0.6302009343861972,0.5285631280249647,-0.005230757038323793,0.010188674875967764,,0.0043536974338740375,-0.0006551436634401053,-6328.051251108118,-6273.101388768612,7
ETH,R3_Both_CrossCrypto,Common_Main_Model_Sample,1799,const,-0.000746386494650165,0.032496328474720775,-0.022968333029707855,0.981675532863814,-0.06443801993488632,0.06294524694558598,,0.00437466955065513,-0.0011937047807171197,-6326.089145323516,-6265.644296750061,7
ETH,R3_Both_CrossCrypto,Common_Main_Model_Sample,1799,Own_Lagged_Return,-0.06599502086426168,0.04811878837196871,-1.371502132474862,0.17021847921505429,-0.16030611305302508,0.02831607132450173,,0.00437466955065513,-0.0011937047807171197,-6326.089145323516,-6265.644296750061,7
ETH,R3_Both_CrossCrypto,Common_Main_Model_Sample,1799,Lagged_Log_Crypto_Volume,1.8615224820127152e-05,0.0014195928115332765,0.013113073459438827,0.9895375809830912,-0.0027637355584970514,0.0028009660081373053,,0.00437466955065513,-0.0011937047807171197,-6326.089145323516,-6265.644296750061,7
ETH,R3_Both_CrossCrypto,Common_Main_Model_Sample,1799,Lagged_SP500_Return_Aligned,0.04120146966078324,0.17812550432947388,0.23130584143960656,0.8170772089160108,-0.307918103553019,0.3903210428745855,,0.00437466955065513,-0.0011937047807171197,-6326.089145323516,-6265.644296750061,7
ETH,R3_Both_CrossCrypto,Common_Main_Model_Sample,1799,Lagged_VIX_Change_Aligned,-0.0005637608428901673,0.0010249953942669922,-0.5500130498570007,0.58231042287228,-0.002572714899972905,0.0014451932141925704,,0.00437466955065513,-0.0011937047807171197,-6326.089145323516,-6265.644296750061,7
ETH,R3_Both_CrossCrypto,Common_Main_Model_Sample,1799,Lagged_Gold_Return_Aligned,0.08150216964650339,0.11803028128028456,0.6905191512079983,0.48986777068118004,-0.14983293074798648,0.31283727004099326,,0.00437466955065513,-0.0011937047807171197,-6326.089145323516,-6265.644296750061,7
ETH,R3_Both_CrossCrypto,Common_Main_Model_Sample,1799,Lagged_DXY_Return_Aligned,0.25959130805110764,0.3240549905666518,0.8010717798148359,0.42309009230969963,-0.3755448024699969,0.8947274185722122,,0.00437466955065513,-0.0011937047807171197,-6326.089145323516,-6265.644296750061,7
ETH,R3_Both_CrossCrypto,Common_Main_Model_Sample,1799,Lagged_US10Y_Change_Aligned,-0.01246458680806793,0.016956766353683768,-0.7350804126259641,0.46229052265552417,-0.045699238155548695,0.02077006453941283,,0.00437466955065513,-0.0011937047807171197,-6326.089145323516,-6265.644296750061,7
ETH,R3_Both_CrossCrypto,Common_Main_Model_Sample,1799,Cross_Crypto_Lagged_Return,0.009785701891239697,0.04655633159687025,0.21019057033904154,0.8335189389583538,-0.08146303129093013,0.10103443507340953,,0.00437466955065513,-0.0011937047807171197,-6326.089145323516,-6265.644296750061,7
ETH,R3_Both_CrossCrypto,Common_Main_Model_Sample,1799,Lagged_Log_Reddit_Post_Count,0.0002624398286903277,0.001452305325338053,0.18070568503165102,0.8565985962444185,-0.002584026303527982,0.0031089059609086377,,0.00437466955065513,-0.0011937047807171197,-6326.089145323516,-6265.644296750061,7
ETH,R3_Both_CrossCrypto,Common_Main_Model_Sample,1799,Lagged_Reddit_Sentiment,0.00267011121958326,0.00392570814611012,0.6801603991445474,0.4964029039830229,-0.005024135360608079,0.010364357799774598,,0.00437466955065513,-0.0011937047807171197,-6326.089145323516,-6265.644296750061,7
