Parameter,Coefficient,Date_Clustered_Newey_West_SE,t_stat,Two_Sided_P,Significance,N,Common_Dates,HAC_Maxlags
const,0.03679224962016677,0.033550264776450275,1.0966306783364679,0.27280287103291423,,3598,1799,7
Own_Lagged_Return,-0.12120525770391542,0.06883817430996163,-1.7607273713878218,0.0782845576934954,*,3598,1799,7
Lagged_Log_Crypto_Volume,-0.0019466415024787457,0.0015539427006884667,-1.2527112496595247,0.2103108103967284,,3598,1799,7
Lagged_SP500_Return_Aligned,0.062190492142226966,0.14837019998263334,0.41915756768883733,0.6751009806655948,,3598,1799,7
Lagged_VIX_Change_Aligned,-2.7294404946190593e-05,0.0007629566690554613,-0.03577451518967782,0.9714621539881023,,3598,1799,7
Lagged_Gold_Return_Aligned,0.08461376666744919,0.08829354439931379,0.9583233660297683,0.33789972490561926,,3598,1799,7
Lagged_DXY_Return_Aligned,-0.038321482333301696,0.21297982666824017,-0.17993010386375832,0.8572074414113882,,3598,1799,7
Lagged_US10Y_Change_Aligned,0.0011276130268255901,0.014987753862096836,0.0752356248441775,0.9400272401382719,,3598,1799,7
Lagged_Log_Reddit_Post_Count,0.0026462511483387138,0.0021229885165163706,1.2464745464949425,0.21259022818794393,,3598,1799,7
Lagged_Reddit_Sentiment,0.004882970011501821,0.011160518070962664,0.4375218050321775,0.661732966099494,,3598,1799,7
ETH_Indicator,-0.03715468218151294,0.032228175994688496,-1.1528633264146373,0.24896648689295353,,3598,1799,7
ETH_x_Own_Lagged_Return,0.06113450069187248,0.06368608575384767,0.9599349680268106,0.33708794581143486,,3598,1799,7
ETH_x_Lagged_Log_Crypto_Volume,0.0019492185944048606,0.0015354282794154026,1.269495046129412,0.20426455627417917,,3598,1799,7
ETH_x_Lagged_SP500_Return_Aligned,-0.019240116078061156,0.09133399558424538,-0.21065667777902375,0.8331551820707224,,3598,1799,7
ETH_x_Lagged_VIX_Change_Aligned,-0.0005320106274457826,0.00048292930556214205,-1.1016325191251515,0.27062146479733995,,3598,1799,7
ETH_x_Lagged_Gold_Return_Aligned,-0.0026516706070164775,0.06475098724532678,-0.0409518174135307,0.9673343077445611,,3598,1799,7
ETH_x_Lagged_DXY_Return_Aligned,0.29717477827722577,0.17372479355725742,1.7106065990475956,0.0871537599670471,*,3598,1799,7
ETH_x_Lagged_US10Y_Change_Aligned,-0.013445264570493562,0.008283573720544052,-1.623123669093211,0.10456297081157806,,3598,1799,7
ETH_x_Lagged_Log_Reddit_Post_Count,-0.0023865692170027546,0.001844450809282297,-1.293918604384686,0.1956935375362625,,3598,1799,7
ETH_x_Lagged_Reddit_Sentiment,-0.002221498375093156,0.011322674589315296,-0.1961990833145982,0.8444543455231786,,3598,1799,7
