File,Exists,Path
primary_hac_regression_results.csv,True,/Users/catarinacarrusca/PycharmProjects/Crypto_Sentiment_Dissertation/results/stage09_modelling_forecast_comparison/primary_hac_regression_results.csv
primary_model_summary.csv,True,/Users/catarinacarrusca/PycharmProjects/Crypto_Sentiment_Dissertation/results/stage09_modelling_forecast_comparison/primary_model_summary.csv
h1_h2_sentiment_tests.csv,True,/Users/catarinacarrusca/PycharmProjects/Crypto_Sentiment_Dissertation/results/stage09_modelling_forecast_comparison/h1_h2_sentiment_tests.csv
economic_significance.csv,True,/Users/catarinacarrusca/PycharmProjects/Crypto_Sentiment_Dissertation/results/stage09_modelling_forecast_comparison/economic_significance.csv
sentiment_coefficient_stability.csv,True,/Users/catarinacarrusca/PycharmProjects/Crypto_Sentiment_Dissertation/results/stage09_modelling_forecast_comparison/sentiment_coefficient_stability.csv
expanding_window_forecasts.csv,True,/Users/catarinacarrusca/PycharmProjects/Crypto_Sentiment_Dissertation/results/stage09_modelling_forecast_comparison/expanding_window_forecasts.csv
forecast_design_summary.csv,True,/Users/catarinacarrusca/PycharmProjects/Crypto_Sentiment_Dissertation/results/stage09_modelling_forecast_comparison/forecast_design_summary.csv
forecast_performance_comparison.csv,True,/Users/catarinacarrusca/PycharmProjects/Crypto_Sentiment_Dissertation/results/stage09_modelling_forecast_comparison/forecast_performance_comparison.csv
h3_h4_primary_oos_tests.csv,True,/Users/catarinacarrusca/PycharmProjects/Crypto_Sentiment_Dissertation/results/stage09_modelling_forecast_comparison/h3_h4_primary_oos_tests.csv
primary_sentiment_cumulative_forecast_loss.csv,True,/Users/catarinacarrusca/PycharmProjects/Crypto_Sentiment_Dissertation/results/stage09_modelling_forecast_comparison/primary_sentiment_cumulative_forecast_loss.csv
h5_pooled_model_coefficients.csv,True,/Users/catarinacarrusca/PycharmProjects/Crypto_Sentiment_Dissertation/results/stage09_modelling_forecast_comparison/h5_pooled_model_coefficients.csv
h5_btc_eth_sentiment_difference_test.csv,True,/Users/catarinacarrusca/PycharmProjects/Crypto_Sentiment_Dissertation/results/stage09_modelling_forecast_comparison/h5_btc_eth_sentiment_difference_test.csv
h5_model_specification.csv,True,/Users/catarinacarrusca/PycharmProjects/Crypto_Sentiment_Dissertation/results/stage09_modelling_forecast_comparison/h5_model_specification.csv
cross_crypto_hac_regression_results.csv,True,/Users/catarinacarrusca/PycharmProjects/Crypto_Sentiment_Dissertation/results/stage09_modelling_forecast_comparison/cross_crypto_hac_regression_results.csv
cross_crypto_robustness_summary.csv,True,/Users/catarinacarrusca/PycharmProjects/Crypto_Sentiment_Dissertation/results/stage09_modelling_forecast_comparison/cross_crypto_robustness_summary.csv
reddit_sentiment_lag_robustness.csv,True,/Users/catarinacarrusca/PycharmProjects/Crypto_Sentiment_Dissertation/results/stage09_modelling_forecast_comparison/reddit_sentiment_lag_robustness.csv
year_regime_sentiment_robustness.csv,True,/Users/catarinacarrusca/PycharmProjects/Crypto_Sentiment_Dissertation/results/stage09_modelling_forecast_comparison/year_regime_sentiment_robustness.csv
extreme_return_sensitivity.csv,True,/Users/catarinacarrusca/PycharmProjects/Crypto_Sentiment_Dissertation/results/stage09_modelling_forecast_comparison/extreme_return_sensitivity.csv
extreme_return_and_lag_sensitivity.csv,True,/Users/catarinacarrusca/PycharmProjects/Crypto_Sentiment_Dissertation/results/stage09_modelling_forecast_comparison/extreme_return_and_lag_sensitivity.csv
primary_sentiment_oos_by_year.csv,True,/Users/catarinacarrusca/PycharmProjects/Crypto_Sentiment_Dissertation/results/stage09_modelling_forecast_comparison/primary_sentiment_oos_by_year.csv
primary_sentiment_weekend_weekday_oos.csv,True,/Users/catarinacarrusca/PycharmProjects/Crypto_Sentiment_Dissertation/results/stage09_modelling_forecast_comparison/primary_sentiment_weekend_weekday_oos.csv
final_hypothesis_summary.csv,True,/Users/catarinacarrusca/PycharmProjects/Crypto_Sentiment_Dissertation/results/stage09_modelling_forecast_comparison/final_hypothesis_summary.csv
publication_primary_regressions.csv,True,/Users/catarinacarrusca/PycharmProjects/Crypto_Sentiment_Dissertation/results/stage09_modelling_forecast_comparison/publication_primary_regressions.csv
publication_primary_model_fit.csv,True,/Users/catarinacarrusca/PycharmProjects/Crypto_Sentiment_Dissertation/results/stage09_modelling_forecast_comparison/publication_primary_model_fit.csv
publication_h1_h2_sentiment_results.csv,True,/Users/catarinacarrusca/PycharmProjects/Crypto_Sentiment_Dissertation/results/stage09_modelling_forecast_comparison/publication_h1_h2_sentiment_results.csv
publication_h3_h4_oos_results.csv,True,/Users/catarinacarrusca/PycharmProjects/Crypto_Sentiment_Dissertation/results/stage09_modelling_forecast_comparison/publication_h3_h4_oos_results.csv
publication_economic_significance.csv,True,/Users/catarinacarrusca/PycharmProjects/Crypto_Sentiment_Dissertation/results/stage09_modelling_forecast_comparison/publication_economic_significance.csv
publication_h5_difference_test.csv,True,/Users/catarinacarrusca/PycharmProjects/Crypto_Sentiment_Dissertation/results/stage09_modelling_forecast_comparison/publication_h5_difference_test.csv
final_forecast_qc.csv,True,/Users/catarinacarrusca/PycharmProjects/Crypto_Sentiment_Dissertation/results/stage09_modelling_forecast_comparison/final_forecast_qc.csv
section09_qc.csv,True,/Users/catarinacarrusca/PycharmProjects/Crypto_Sentiment_Dissertation/results/stage09_modelling_forecast_comparison/section09_qc.csv
section09_model_specifications.csv,True,/Users/catarinacarrusca/PycharmProjects/Crypto_Sentiment_Dissertation/results/stage09_modelling_forecast_comparison/section09_model_specifications.csv
section09_forecast_comparison_design.csv,True,/Users/catarinacarrusca/PycharmProjects/Crypto_Sentiment_Dissertation/results/stage09_modelling_forecast_comparison/section09_forecast_comparison_design.csv
section09_methodology_note.txt,True,/Users/catarinacarrusca/PycharmProjects/Crypto_Sentiment_Dissertation/results/stage09_modelling_forecast_comparison/section09_methodology_note.txt
