Date,Actual_Return,Baseline_Forecast,Historical_Mean_Forecast,Baseline_Error,Historical_Mean_Error,Training_Observations
2024-01-02,0.0338522639689997,-0.0033474179112586164,0.000681737273349891,0.037199681880258316,0.03317052669564981,746
2024-01-03,-0.0495283949100311,-0.008329752316119288,0.0007261422622329562,-0.041198642593911816,-0.05025453717226406,747
2024-01-04,0.0353450262550083,0.006505568742401705,0.0006589570521096087,0.028839457512606595,0.03468606920289869,748
2024-01-05,-0.011940796433948,-0.00706848957496301,0.0007052668908317696,-0.004872306858984991,-0.01264606332477977,749
2024-01-08,0.0625227533679936,-0.0007682613955217457,0.0006884054730653965,0.06329101476351534,0.0618343478949282,750
2024-01-09,-0.0365736275970131,-0.008241085432545023,0.0007707414889041827,-0.02833254216446808,-0.03734436908591728,751
2024-01-10,0.0117857627732164,0.004712294173518563,0.0007210814236303562,0.007073468599697838,0.011064681349586044,752
2024-01-11,0.0042879617582345,-0.0033089101676198915,0.0007357755555687176,0.007596871925854391,0.0035521862026657827,753
2024-01-12,-0.0611173108158078,0.0010191758239716687,0.0007404866778534203,-0.06213648663977946,-0.061857797493661215,754
2024-01-16,0.0173378165053253,0.0019510300179401672,0.0006585558202459219,0.015386786487385134,0.01667926068507938,755
2024-01-17,-0.0184629924327535,-0.006594011840404305,0.0006806183343796248,-0.011868980592349195,-0.019143610767133126,756
2024-01-18,-0.0374453878278541,0.0022400716746044077,0.0006553295486898848,-0.03968545950245851,-0.03810071737654398,757
2024-01-19,0.0126903260598785,0.005905922847432446,0.0006050647500400905,0.006784403212446053,0.01208526130983841,758
2024-01-22,-0.0477340635951292,0.00449293627163617,0.000620987360461485,-0.05222699986676537,-0.04835505095559069,759
2024-01-23,-0.0157848381598462,0.008421274522807108,0.0005573622934146551,-0.02420611268265331,-0.016342200453260857,760
2024-01-24,0.0146539006178425,0.0021310669617092275,0.0005358876541856658,0.012522833656133273,0.014118012963656834,761
2024-01-25,0.0033764521624908,-0.002548140839529283,0.0005544152302534569,0.005924593002020083,0.0028220369322373433,762
2024-01-26,0.0511836447493628,0.0020367188310001427,0.0005581138369798492,0.04914692591836266,0.05062553091238295,763
2024-01-29,0.0284577539356695,0.002635528202942625,0.0006243776208965807,0.025822225732726873,0.02783337631477292,764
2024-01-30,0.008463291914936,-0.0004222868119662783,0.0006607611193472645,0.008885578726902278,0.007802530795588735,765
2024-01-31,-0.0253203398529352,0.001382559824800532,0.0006709471908819756,-0.02670289967773573,-0.025991287043817174,766
2024-02-01,0.0151101750276914,0.007494072699680053,0.0006370602455836481,0.007616102328011347,0.014473114782107752,767
2024-02-02,-0.0030709345087918,0.0037309982836617045,0.000655905447122851,-0.006801932792453504,-0.003726839955914651,768
2024-02-05,-0.0099771060049352,-0.00316568399384151,0.0006510591012764081,-0.0068114220110936895,-0.010628165106211607,769
2024-02-06,0.0191957994384833,-0.001716968951164329,0.0006372562894501593,0.020912768389647632,0.018558543149033144,770
2024-02-07,0.0237601326122443,0.0030860878486402275,0.0006613270328341193,0.02067404476360407,0.02309880557941018,771
2024-02-08,0.0254506904489161,-0.0017064673478865205,0.0006912477654499356,0.02715715779680262,0.024759442683466165,772
2024-02-09,0.0477527202298084,-0.004725768334795891,0.0007232780923366965,0.05247848856460429,0.047029442137471705,773
2024-02-12,0.0353261638907621,0.0004264991283772189,0.0007840396454858847,0.034899664762384874,0.03454212424527621,774
2024-02-13,-0.0056006054205141,-0.005663599345921323,0.0008286101283830154,6.299392540722298e-05,-0.0064292155488971155,775
2024-02-14,0.0436132410837892,-0.005944649783063402,0.0008203250567993851,0.049557890866852604,0.04279291602698981,776
2024-02-15,-0.0078045487792248,-0.004140365993102888,0.0008753995948006589,-0.0036641827861219117,-0.008679948374025458,777
2024-02-16,0.0123332365534209,0.0027886649264583794,0.0008642428488186212,0.009544571626962522,0.01146899370460228,778
2024-02-20,0.0025305841161619,9.277179388633293e-05,0.0008789655621749783,0.0024378123222755675,0.001651618553986922,779
2024-02-21,-0.0123095793303188,0.0013850792892572963,0.000881083021859577,-0.013694658619576095,-0.013190662352178376,780
2024-02-22,0.0048252652384898,0.001106931330038372,0.0008641935694240092,0.0037183339084514285,0.0039610716690657915,781
2024-02-23,-0.0127467295829595,0.00023713975785454315,0.0008692588784637353,-0.012983869340814044,-0.013615988461423235,782
2024-02-26,0.054477868421388,0.00561185149277631,0.0008518693657416111,0.048866016928611686,0.05362599905564639,783
2024-02-27,0.0370866690709048,-0.00803413126376556,0.0009202698747411601,0.045120800334670357,0.036166399196163636,784
2024-02-28,0.0653611164555198,-0.006501607997643793,0.0009663417208509225,0.07186272445316359,0.06439477473466888,785
2024-02-29,0.0144659832331768,-0.010223323061069094,0.0010482689151698399,0.024689306294245893,0.013417714318006962,786
2024-03-01,0.0186672665495534,-0.002157553976146978,0.0010653181074417673,0.02082482052570038,0.017601948442111635,787
2024-03-04,0.0713198625460871,0.002848929550642278,0.0010876556054647516,0.06847093299544482,0.07023220694062235,788
2024-03-05,-0.0639026739485315,-0.010714743433265256,0.0011766698094452614,-0.05318793051526624,-0.06507934375797676,789
2024-03-06,0.0485709262478393,0.009355754027089951,0.0010942908932959237,0.03921517222074935,0.04747663535454338,790
2024-03-07,0.0130996287460495,-0.00676221200530591,0.0011543119240854855,0.01986184075135541,0.011945316821964015,791
2024-03-08,0.0158720046586772,-0.000997796084007166,0.0011693943948202887,0.016869800742684366,0.014702610263856913,792
2024-03-11,0.0384551390662724,-0.00019330098462642345,0.0011879348869563,0.03864844005089882,0.037267204179316095,793
2024-03-12,-0.0151119845397079,-0.00678682352232426,0.0012348709123710558,-0.00832516101738364,-0.016346855452078955,794
2024-03-13,0.0289650139705572,-0.0009383763732714655,0.0012143088300413966,0.029903390343828665,0.0277507051405158,795
2024-03-14,-0.0344861760711693,-0.004135461949999514,0.0012491715249415424,-0.030350714121169787,-0.03573534759611084,796
2024-03-15,-0.0406201072419309,-0.00023185093545153874,0.0012043342004796715,-0.04038825630647936,-0.04182444144241057,797
2024-03-18,-0.0130368983299158,-0.0030097866044601768,0.001151922619724771,-0.010027111725455623,-0.01418882094964057,798
2024-03-19,-0.0552806436597765,0.0004229731909363525,0.0011341643957577614,-0.05570361685071285,-0.05641480805553426,799
2024-03-20,0.0509143604426563,0.007339250639987752,0.001063645885688344,0.043575109802668544,0.049850714556967955,800
2024-03-21,-0.024189556045524,-0.006580028226201833,0.0011258814843861818,-0.017609527819322165,-0.02531543752991018,801
2024-03-22,-0.030418267244856,0.003899770025824213,0.0010943161009324283,-0.03431803727068021,-0.03151258334578843,802
2024-03-25,0.0702696771695903,-0.0004417258324205648,0.0010550725351219819,0.07071140300201087,0.06921460463446832,803
2024-03-26,-0.01624502386136,-0.010222765219759188,0.0011411603518315194,-0.006022258641600813,-0.017386184213191522,804
2024-03-27,-0.0138229616432781,0.0034180226526788512,0.0011195626074673067,-0.01724098429595695,-0.014942524250745408,805
2024-03-28,0.0263831247700204,0.003978110465475018,0.0011010234954936771,0.022405014304545383,0.025282101274526722,806
2024-04-01,-0.0153763839696944,0.0008086160428713903,0.001132351997692595,-0.01618500001256579,-0.016508735967386994,807
2024-04-02,-0.0604915918986163,-0.0023665149036856945,0.0011119203937725614,-0.0581250769949306,-0.061603512292388855,808
2024-04-03,0.001004543359742,0.006890823648763956,0.001035772665351809,-0.0058862802890219555,-3.1229305609808966e-05,809
2024-04-04,0.0332365350980435,0.0016642703018107429,0.0010357341106535251,0.031572264796232756,0.03220080098738998,810
2024-04-05,-0.004570511889834,-0.002959172002156911,0.0010754391673580747,-0.0016113398876770892,-0.005645951057192075,811
2024-04-08,0.0338188882276003,-0.0028032771078226287,0.0010684860256620257,0.036622165335422924,0.03275040220193827,812
2024-04-09,-0.0363839147837078,-0.004378518930588701,0.0011087694232043848,-0.0320053958531191,-0.03749268420691219,813
2024-04-10,0.0095073964286869,0.008419755234138857,0.0010627096145963849,0.001087641194548043,0.008444686814090515,814
2024-04-11,0.0101130102786856,-0.009808862794145006,0.0010730711935093792,0.019921873072830606,0.00903993908517622,815
2024-04-12,-0.0489131995699212,0.0003217121535731731,0.0010841495502314088,-0.04923491172349437,-0.04999734912015261,816
2024-04-15,-0.011409078485891,-0.0041832927566978866,0.001022953284478468,-0.007225785729193114,-0.01243203177036947,817
2024-04-16,-0.0015612310741558,-0.004459023394306341,0.0010077552016296057,0.0028977923201505412,-0.0025689862757854055,818
2024-04-17,-0.0354879594851966,-0.0001476669588721996,0.0010046184662501365,-0.035340292526324396,-0.03649257795144673,819
2024-04-18,0.0431290544363939,0.008571392828057854,0.0009601153224069087,0.034557661608336045,0.04216893911398699,820
2024-04-19,0.0083707755536935,-0.007389462319691787,0.0010114782202314968,0.015760237873385288,0.007359297333462003,821
2024-04-22,0.028786931697061,0.003359795502140963,0.0010204311366955625,0.025427136194920038,0.027766500560365438,822
2024-04-23,-0.0028947271708792,-0.002299809638045364,0.0010541692904748644,-0.000594917532833836,-0.003948896461354065,823
2024-04-24,-0.0354649271994759,0.0034233054152635147,0.0010493769404004052,-0.038888232614739414,-0.03651430413987631,824
2024-04-25,0.0116275867015831,0.004078806254816496,0.0010051171778066158,0.0075487804467666035,0.010622469523776483,825
2024-04-26,-0.0132938972454768,-0.0016485363339126566,0.001017977310401987,-0.011645360911564142,-0.014311874555878786,826
2024-04-29,-0.0113181186472079,0.0026008782370185706,0.0010006715370575144,-0.013918996884226471,-0.012318790184265415,827
2024-04-30,-0.0501919055068689,0.0052480694075070266,0.0009857937711344885,-0.05543997491437593,-0.05117769927800339,828
2024-05-01,-0.0441131876491687,0.003963528371607206,0.000924059513863073,-0.04807671602077591,-0.04503724716303178,829
2024-05-02,0.0247850036738036,0.008882301604641778,0.0008697977702931553,0.01590270206916182,0.023915205903510445,830
2024-05-03,0.069337382317619,-0.00025117110543514077,0.0008985765980952134,0.06958855342305414,0.0684388057195238,831
2024-05-06,-0.0070055858689724,0.0068764594115982795,0.0009808347780465643,-0.01388204528057068,-0.007986420647018964,832
2024-05-07,-0.0051793891028767,0.002488929449696156,0.0009712472382542246,-0.007668318552572856,-0.006150636341130924,833
2024-05-08,-0.0226029285609912,0.0027108388618484083,0.0009638723745358423,-0.025313767422839608,-0.02356680093552704,834
2024-05-09,0.0169175661540506,0.004208913563967694,0.0009356486608406003,0.012708652590082907,0.01598191749321,835
2024-05-10,-0.0345572554020824,0.001029436384689664,0.0009547657870286506,-0.03558669178677206,-0.03551202118911105,836
2024-05-13,0.0294764616413887,0.0013387122114625872,0.0009123380436724845,0.028137749429926116,0.028564123597716217,837
2024-05-14,-0.0234332793162606,-0.00336696447126941,0.0009464241100182079,-0.02006631484499119,-0.024379703426278806,838
2024-05-15,0.0682091139504595,0.006100851315240401,0.0009173660606424287,0.062108262635219104,0.06729174788981708,839
2024-05-16,-0.0105982560276306,-0.004184516956910686,0.000997475284320782,-0.006413739070719913,-0.011595731311951381,840
2024-05-17,0.0247962841999007,0.0014598163954504051,0.0009836872566014582,0.023336467804450294,0.02381259694329924,841
2024-05-20,0.0496603236030745,0.0036834219485555584,0.0010119682505958755,0.04597690165451894,0.04864835535247863,842
2024-05-21,0.0026500545160474,-0.0075374213382995315,0.0010696768571824456,0.010187475854346931,0.0015803776588649543,843
2024-05-22,-0.0043702404899438,0.00025577373902743034,0.0010715493425602473,-0.00462601422897123,-0.005441789832504047,844
2024-05-23,-0.024324755118298,-0.000625810952225488,0.001065109354592787,-0.023698944166072513,-0.025389864472890787,845
2024-05-24,0.016470857244696,0.00015026126490473395,0.0010350976944593466,0.01632059597979127,0.015435759550236655,846
2024-05-28,-0.0194878259779661,-0.0005092007769534578,0.0010533217317087403,-0.018978625201012643,-0.020541147709674842,847
2024-05-29,-0.0123181229600415,0.0007648549858485903,0.0010290986801643127,-0.013082977945890091,-0.013347221640205813,848
2024-05-30,0.0156534342388203,-0.001066157892298155,0.0010133775710474626,0.016719592131118455,0.014640056667772839,849
2024-05-31,-0.0123803512892118,0.0017779799122408892,0.0010306011671271955,-0.01415833120145269,-0.013410952456338995,850
2024-06-03,0.0192119745643597,0.00465903411277304,0.0010148421160621672,0.01455294045158666,0.018197132448297532,851
2024-06-04,0.0186083886558869,0.0028012611443255717,0.0010362002527385728,0.01580712751156133,0.017572188403148326,852
2024-06-05,0.0112707485853392,0.0005999140652592186,0.0010568007080763787,0.010670834520079981,0.01021394787726282,853
2024-06-06,-0.0072521029233495,0.001318496447259448,0.0010687608343963586,-0.008570599370608948,-0.008320863757745859,854
2024-06-07,-0.0201123459195007,0.0037206211415201145,0.001059028830001334,-0.023832967061020817,-0.021171374749502037,855
2024-06-10,-0.0008493068208222,-0.004721127592856142,0.0010342959155743455,0.003871820772033942,-0.0018836027363965456,856
2024-06-11,-0.0341413032687097,0.00014751344805149559,0.0010320980127314092,-0.03428881671676119,-0.035173401281441107,857
2024-06-12,0.0117462418481955,0.008059581192616825,0.0009911033725432494,0.0036866606555786743,0.01075513847565225,858
2024-06-13,-0.020711095851542,0.0035715362665039046,0.0010036239062750914,-0.024282632118045905,-0.02171471975781709,859
2024-06-14,-0.0143867814408368,0.005504551394082942,0.0009783742321380947,-0.019891332834919742,-0.015365155672974895,860
2024-06-17,-0.0012948688872597,0.003917062320163561,0.0009605285228779611,-0.005211931207423261,-0.002255397410137661,861
2024-06-18,-0.0226584633283947,-0.0025192055832284213,0.0009579120525645765,-0.02013925774516628,-0.023616375380959276,862
2024-06-20,0.0031712581516359,0.004590087566718441,0.000930546611798691,-0.0014188294150825407,0.002240711539837209,863
2024-06-21,-0.0138127483854231,-0.0003996070065717609,0.0009331400279327618,-0.01341314137885134,-0.014745888413355862,864
2024-06-24,-0.068783722148876,0.004389860781033721,0.0009160927580907319,-0.07317358292990972,-0.06969981490696674,865
2024-06-25,0.0401391871613126,0.01040351556056643,0.0008356079833713707,0.029735671600746173,0.03930357917794123,866
2024-06-26,-0.0155009155709826,-0.004288751394101514,0.0008809408313274736,-0.011212164176881086,-0.016381856402310074,867
2024-06-27,0.0073552578209138,-0.00021641655217449654,0.0008620677248731995,0.007571674373088297,0.0064931900960406,868
2024-06-28,-0.0212315211766802,0.0031685578444355625,0.0008695397503001737,-0.024400079021115764,-0.022101060926980377,869
2024-07-01,0.0214149490142848,-0.00214513787879556,0.0008441362319932999,0.02356008689308036,0.020570812782291503,870
2024-07-02,-0.0209859383038839,-0.0060015181502645135,0.0008677536978742312,-0.014984420153619386,-0.02185369200175813,871
2024-07-03,-0.0390511241488317,0.0067076598993695185,0.0008426921244777198,-0.045758784048201225,-0.03989381627330942,872
2024-07-05,-0.034471889765022,0.0064692773087428965,0.0007969947404304008,-0.0409411670737649,-0.0352688845054524,873
2024-07-08,-0.0157559940628411,0.00723907410132655,0.0007566413256644371,-0.02299506816416765,-0.016512635388505538,874
2024-07-09,0.029205250786784,0.0012653939092737024,0.0007377697423632877,0.0279398568775103,0.028467481044420713,875
2024-07-10,-0.009041290820719,-0.003970104991179661,0.0007702668668432202,-0.005071185829539339,-0.009811557687562221,876
2024-07-11,0.0026181099338835,0.002503992653425051,0.0007590792297992494,0.00011411728045844895,0.0018590307040842508,877
2024-07-12,-0.0003301477006529,0.005742191345797643,0.0007611965768426256,-0.006072339046450543,-0.0010913442774955256,878
2024-07-15,0.0602067489010353,-0.0006942260840307694,0.0007599550020104352,0.06090097498506607,0.059446793899024866,879
2024-07-16,0.0142217354088766,-0.010713050091543982,0.0008275081768956903,0.02493478550042058,0.01339422723198091,880
2024-07-17,-0.0025771115803699,0.0004928642648617799,0.0008427116130273373,-0.00306997584523168,-0.0034198231933972372,881
2024-07-18,-0.0109314548595298,0.001688762421018802,0.0008388342624679298,-0.012620217280548601,-0.01177028912199773,882
2024-07-19,0.0483479921461192,-5.148744848830532e-05,0.0008255043767125532,0.048399479594607504,0.047522487769406645,883
2024-07-22,0.0185794578447128,-0.0010671274069943971,0.0008792628470399363,0.019646585251707198,0.017700194997672863,884
2024-07-23,-0.0343772890776131,-0.0021800695236668406,0.0008992630673762896,-0.03219721955394626,-0.03527655214498939,885
2024-07-24,0.0029797467655641,0.006026858109524681,0.0008594475457679496,-0.0030471113439605813,0.0021202992197961504,886
2024-07-25,-0.0116585428988732,-0.0012683193110668617,0.000861837962024766,-0.010390223587806339,-0.012520380860897967,887
2024-07-26,0.0326870313423373,0.0009572607596943531,0.0008477384340282593,0.03172977058264295,0.031839292908309044,888
2024-07-29,-0.0126337965024731,0.0054708942853530325,0.0008835531617091469,-0.018104690787826134,-0.013517349664182247,889
2024-07-30,-0.0178223132244414,0.002378378945826003,0.0008683651283786051,-0.020200692170267404,-0.018690678352820005,890
2024-07-31,-0.024575320407761,0.0038187657748815895,0.0008473879360634309,-0.028394086182642587,-0.02542270834382443,891
2024-08-01,0.001562959727652,0.007201846109817468,0.0008188871419560046,-0.005638886382165469,0.0007440725856959953,892
2024-08-02,-0.0332824330989658,0.002069955699455859,0.0008197203699355073,-0.03535238879842166,-0.03410215346890131,893
2024-08-05,-0.0833294088908093,0.008668227321018329,0.0007815747843998234,-0.09199763621182762,-0.08411098367520912,894
2024-08-06,0.0389856359169545,-0.006192255401985716,0.0006875960316900927,0.04517789131894022,0.03829803988526441,895
2024-08-07,-0.0254218360814887,-0.003039256871168226,0.0007303393797763257,-0.022382579210320476,-0.026152175461265026,896
2024-08-08,0.0762969806388922,0.0014988412333142183,0.0007011842231862865,0.07479813940557799,0.07559579641570592,897
2024-08-09,0.0208886168793331,-0.009492679362309148,0.0007853666245400793,0.03038129624164225,0.020103250254793023,898
2024-08-12,0.0057766199656348,0.010972709458968211,0.0008077284157022519,-0.0051960894933334115,0.004968891549932548,899
2024-08-13,0.0288634944845804,0.0011876965725615169,0.0008132494063132881,0.027675797912018883,0.028050245078267113,900
2024-08-14,-0.0238974667536997,-0.00010328184842448452,0.0008443817537919417,-0.023794184905275215,-0.02474184850749164,901
2024-08-15,-0.0425070574390239,0.005016547824287431,0.000816951766533082,-0.047523605263311335,-0.043324009205556985,902
2024-08-16,0.0447615832760836,0.004293696791084198,0.000768973904732908,0.0404678864849994,0.043992609371350695,903
2024-08-19,-0.0120175863212848,0.0037920020150242926,0.00081763829563042,-0.01580958833630909,-0.01283522461691522,904
2024-08-20,0.0036567126147144,0.004034149700387651,0.0008034557269929446,-0.0003774370856732515,0.0028532568877214556,905
2024-08-21,0.0321018906196079,0.0011207776161234013,0.0008066050171559923,0.0309811130034845,0.03129528560245191,906
2024-08-22,-0.0093047821563508,-0.0031552155716876432,0.0008411091909183429,-0.006149566584663157,-0.010145891347269143,907
2024-08-23,0.0486691282387405,-0.0012306938097933966,0.0008299353017693681,0.049899822048533896,0.04783919293697113,908
2024-08-26,-0.0126040075400329,0.005042888988839332,0.0008825636768375431,-0.017646896528872233,-0.013486571216870444,909
2024-08-27,-0.0251611705748129,0.0026810028394362545,0.0008677432689069164,-0.027842173414249154,-0.026028913843719814,910
2024-08-28,-0.0417898334978055,0.0038420186777720538,0.0008391714644681458,-0.04563185217557755,-0.04262900496227364,911
2024-08-29,0.0035758646462296,0.004438527045420503,0.0007924291344656528,-0.0008626623991909027,0.002783435511763947,912
2024-08-30,-0.0081157396014633,0.0005420417624287143,0.0007954778042485268,-0.008657781363892014,-0.008911217405711826,913
2024-09-03,-0.013216295711218,-0.0024197550256001344,0.0007857281134326495,-0.010796540685617867,-0.01400202382465065,914
2024-09-04,-0.0031053654831799,0.0025563056843092087,0.0007704253551543429,-0.005661671167489109,-0.003875790838334243,915
2024-09-05,-0.0343205305322929,0.002597085981420437,0.0007661941424487377,-0.036917616513713336,-0.03508672467474164,916
2024-09-06,-0.0591734310676667,0.007580979714469227,0.0007279316291720293,-0.06675441078213593,-0.059901362696838725,917
2024-09-09,0.0473459611481395,6.583191361698949e-06,0.0006626796000905057,0.0473393779567778,0.046683281548048995,918
2024-09-10,0.009739401691195,-0.004520194714745997,0.0007134775125475775,0.014259596405940997,0.009025924178647423,919
2024-09-11,-0.0014774902739919,0.0011989242278253615,0.0007232882996982812,-0.0026764145018172616,-0.0022007785736901813,920
2024-09-12,0.0122576826059758,0.0008845587366444706,0.0007208987464152297,0.01137312386933133,0.01153678385956057,921
2024-09-13,0.028325274867096,-0.0007218340219928002,0.0007334115271739723,0.0290471088890888,0.02759186333992203,922
2024-09-16,-0.0362490529171659,0.004110003141577942,0.0007633052035985898,-0.04035905605874385,-0.03701235812076449,923
2024-09-17,0.0417406475838187,0.0060681273296005825,0.0007232485389657281,0.03567252025421812,0.04101739904485297,924
2024-09-18,0.0017226985354878,-0.006607511958939335,0.0007675916730682716,0.008330210494427136,0.0009551068624195285,925
2024-09-19,0.0455385523756996,-0.0015109852734729215,0.000768623105965053,0.047049537649172524,0.04476992926973455,926
2024-09-20,-0.0035753766406934,-0.005829478420601611,0.0008169186067954032,0.0022541017799082106,-0.004392295247488803,927
2024-09-23,0.0013595013041054,0.0023821483277309497,0.0008121855300200919,-0.0010226470236255497,0.0005473157740853082,928
2024-09-24,0.014553581163203,0.00025910539847583277,0.0008127746750944573,0.014294475764727166,0.013740806488108543,929
2024-09-25,-0.0115329431133211,-3.067731742561271e-05,0.0008275497358343588,-0.011502265795895486,-0.012360492849155458,930
2024-09-26,0.0184720451655377,0.0016333934906073426,0.0008142731591972424,0.016838651674930358,0.017657772006340458,931
2024-09-27,0.0173852888444075,-0.0017681676812275845,0.0008332192665001829,0.019153456525635087,0.01655206957790732,932
2024-09-30,-0.0314313076235168,0.002058425079653873,0.0008509599627251639,-0.03348973270317067,-0.03228226758624196,933
2024-10-01,-0.0482392632208875,0.0030410999818938126,0.0008163965070653758,-0.051280363202781315,-0.04905565972795287,934
2024-10-02,0.0021200550280177,0.007756603543233745,0.0007639305608322713,-0.005636548515216045,0.001356124467185429,935
2024-10-03,-0.0021940916268101,-0.00201893667292873,0.0007653794117587513,-0.00017515495388137,-0.002959471038568851,936
2024-10-04,0.0264092923570855,-0.001143062399179421,0.0007622209581423491,0.027552354756264923,0.025647071398943153,937
2024-10-07,0.0062361244993415,-0.0026812697072996477,0.0007895632517446339,0.008917394206641147,0.005446561247596866,938
2024-10-08,-0.0104499993718074,-0.0026026810378933,0.0007953636364598596,-0.0078473183339141,-0.01124536300826726,939
2024-10-09,-0.0322120925706001,0.001678686846977085,0.0007834004843234051,-0.033890779417577184,-0.032995493054923504,940
2024-10-10,-0.0108240710723244,0.0046403588554344375,0.000748336198398938,-0.015464429927758837,-0.011572407270723338,941
2024-10-11,0.0532163174599906,0.001861932438669161,0.0007360512649905267,0.05135438502132144,0.052480266195000076,942
2024-10-15,0.0085512573597209,-0.0066224090038394055,0.0007917037211888302,0.015173666363560306,0.00775955363853207,943
2024-10-16,0.0170784969874953,-0.00012528963328538095,0.000799923587331343,0.01720378662078068,0.016278573400163955,944
2024-10-17,-0.0102568813288822,-0.0010696595959014616,0.0008171495909294001,-0.009187221732980737,-0.0110740309198116,945
2024-10-18,0.0220040796507288,0.001010105898674462,0.0008054434271663858,0.020993973752054338,0.021198636223562415,946
2024-10-21,-0.0150648735997794,0.002182508427421497,0.0008278284706970745,-0.017247382027200896,-0.015892702070476473,947
2024-10-22,-0.0036018750920468,-1.8415049866181123e-05,0.0008110640170362343,-0.003583460042180619,-0.0044129391090830345,948
2024-10-23,-0.0133665504110694,0.0016587636663619473,0.00080641392313836,-0.015025314077431347,-0.01417296433420776,949
2024-10-24,0.0231801284450381,0.00019352410294165155,0.0007914950133128778,0.02298660434209645,0.022388633431725223,950
2024-10-25,-0.0202783264680678,-0.00096747521570501,0.0008150372146080674,-0.019310851252362787,-0.021093363682675868,951
2024-10-28,0.0284058281641045,-7.071218854634879e-05,0.000792880319983408,0.028476540352650848,0.02761294784412109,952
2024-10-29,0.0378565535067798,-0.0040320238223392965,0.0008218550816246682,0.041888577329119096,0.03703469842515513,953
2024-10-30,0.0072971464743804,-0.004703991724900868,0.0008606755202254598,0.012001138199281268,0.0064364709541549405,954
2024-10-31,-0.0408543131857316,-0.0005930235550422629,0.0008674152803868785,-0.04026128963068934,-0.04172172846611848,955
2024-11-01,-0.0104798049528661,0.003434228946800357,0.0008237733050039095,-0.013914033899666459,-0.01130357825787001,956
2024-11-04,-0.0299014133940848,-0.00035452081067494003,0.0008119618334700851,-0.02954689258340986,-0.030713375227554886,957
2024-11-05,0.0305288796876364,0.0053037958592925954,0.000779901942835894,0.025225083828343806,0.029748977744800505,958
2024-11-06,0.0942176258313904,-0.0023985941894143622,0.0008109227746865723,0.09661622002080476,0.09340670305670383,959
2024-11-07,-0.0002763921627514,-0.019121533766982186,0.0009082214237039722,0.018845141604230786,-0.0011846135864553723,960
2024-11-08,0.0073967065321176,0.003565664533312379,0.0009069887352685348,0.003831041998805221,0.006489717796849066,961
2024-11-12,0.0031757040169092,-0.016236629137072037,0.0009137348036644279,0.019412333153981238,0.002261969213244772,962
2024-11-13,0.0037580963295895,-0.005561270836904389,0.0009160836813521171,0.009319367166493888,0.0028420126482373827,963
2024-11-14,-0.0047154163599905,-0.002455113092322631,0.0009190318272527782,-0.002260303267667869,-0.005634448187243278,964
2024-11-15,0.0391825669497776,-0.0005161798095840579,0.0009131930208411271,0.03969874675936166,0.03826937392893647,965
2024-11-18,0.024684266339162,0.002324051051039005,0.000952809349960109,0.022360215288122993,0.023731456989201892,966
2024-11-19,0.0096352329629145,-0.00192078446524301,0.0009773506705280529,0.011556017428157511,0.008657882292386447,967
2024-11-20,0.0237712568669143,-0.0005584419793218567,0.0009862947638053117,0.024329698846236154,0.022784962103108986,968
2024-11-21,0.0376115194177816,-0.003346400087190909,0.001009808656584578,0.040957919504972504,0.03660171076119702,969
2024-11-22,0.0133985507111739,-0.004821625278666312,0.0010475423790188016,0.01822017598984021,0.012351008332155099,970
2024-11-25,-0.0351052524155246,0.004167543199840909,0.0010602622640158718,-0.03927279561536551,-0.03616551467954047,971
2024-11-26,-0.0220298261217315,0.005468913593745343,0.0010230549443867151,-0.027498739715476842,-0.023052881066118212,972
2024-11-27,0.0505653402066931,0.0020709404545319323,0.0009993623636404476,0.04849439975216117,0.04956597784305265,973
2024-11-29,0.0241088135293977,0.003998229334712557,0.001050251457935163,0.020110584194685144,0.023058562071462535,974
2024-12-02,-0.0250118478189645,0.001922529986245289,0.001073901265187945,-0.02693437780520979,-0.026085749084152447,975
2024-12-03,0.007007701440126,0.002666920178106277,0.0010471740632574608,0.004340781262019723,0.005960527376868539,976
2024-12-04,0.0185085296466134,-0.0011946247050592415,0.0010532749101119835,0.019703154351672643,0.01745525473650142,977
2024-12-05,0.0115056982495065,-0.0008840151791603858,0.0010711228188405126,0.012389713428666887,0.010434575430665987,978
2024-12-06,0.0157227120041992,-0.002680535377022746,0.001081781220710447,0.018403247381221947,0.014640930783488753,979
2024-12-09,-0.0321888807741713,0.0018807054349613108,0.0010967209459997215,-0.03406958620913261,-0.03328560172017102,980
2024-12-10,9.285577956522566e-05,0.0034217710105159064,0.001062790669016876,-0.003328915230950681,-0.0009699348894516503,981
2024-12-11,0.047409212283035,0.0005753378057349089,0.001061802955280164,0.046833874477300086,0.046347409327754836,982
2024-12-12,-0.0183550603844738,-0.004775370209155836,0.0011089518966105351,-0.013579690175317963,-0.019464012281084336,983
2024-12-13,0.0155025676938144,-0.00018574631669040836,0.0010891713963248797,0.015688314010504807,0.014413396297489521,984
2024-12-16,0.0310038162662734,-0.004184653642794126,0.0011038042859670015,0.03518846990906752,0.0299000119803064,985
2024-12-17,0.0031294981216156,-0.003524785730356124,0.0011341288417279613,0.0066542838519717245,0.0019953692798876385,986
2024-12-18,-0.0528161991436794,-0.0004145408524786358,0.0011361504924674623,-0.05240165829120077,-0.05395234963614687,987
2024-12-19,-0.0365464253131698,0.0013408955285789826,0.00108154285113533,-0.037887320841748784,-0.03762796816430513,988
2024-12-20,-0.0077934998517094,0.003471185280361286,0.0010434963716972052,-0.011264685132070686,-0.008836996223406605,989
2024-12-23,-0.013484828994282,0.008033835004038096,0.0010345701128856835,-0.021518663998320094,-0.014519399107167683,990
2024-12-24,0.0467192041009408,0.0006377924434634674,0.0010199188524344545,0.04608141165747733,0.04569928524850635,991
2024-12-26,-0.0282100631992715,0.002295991800042594,0.001065986680305933,-0.030506054999314094,-0.029276049879577434,992
2024-12-27,-0.0137041118255646,0.004939949173984437,0.0010365042534382818,-0.018644060999549038,-0.014740616079002882,993
2024-12-30,-0.0136461520104514,0.0015169400943407757,0.001021674659797434,-0.015163092104792176,-0.014667826670248834,994
2024-12-31,0.019260736336352,0.0028041095866032967,0.0010069331254554752,0.016456626749748703,0.018253803210896525,995
2025-01-02,0.0243478506551084,-5.6207046966743604e-05,0.0010252602371130018,0.02440405770207514,0.023322590417995396,996
2025-01-03,0.0114588779155366,-0.0012265555961300698,0.00104865300583717,0.01268543351166667,0.010410224909699431,997
2025-01-06,0.034294918290502,0.0011821487814618347,0.001059084092921037,0.033112769509040164,0.033235834197580964,998
2025-01-07,-0.0515619639627889,-0.004300221950842029,0.0010923531962219188,-0.04726174201194687,-0.05265431715901082,999
2025-01-08,-0.0217054649459641,0.00581755652134476,0.001039698879062908,-0.02752302146730886,-0.022745163825027007,1000
2025-01-10,0.0268405366505112,0.003776277154831592,0.0010169764376792647,0.023064259495679605,0.025823560212831935,1001
2025-01-13,-0.0014932573036369,0.00049511779972688,0.0010427484538597356,-0.00198837510336378,-0.0025360057574966358,1002
2025-01-14,0.0238123501863372,-0.0008813716069984477,0.0010402200333637268,0.024693721793335646,0.022772130152973472,1003
2025-01-15,0.0329512996409977,-0.0020994072505019995,0.001062901437898561,0.0350507068914997,0.03188839820309914,1004
2025-01-16,0.0046374050266276,0.0014318774096852209,0.001094631187354381,0.0032055276169423792,0.0035427738392732194,1005
2025-01-17,0.0440108859529168,0.002014325471864408,0.0010981528313298015,0.041996560481052395,0.042912733121587,1006
2025-01-21,0.0405119895409116,0.001575009579419489,0.0011407672634267103,0.03893697996149211,0.03937122227748489,1007
2025-01-22,-0.0257792403465053,-0.0031578797035165555,0.0011798260156861205,-0.022621360642988742,-0.02695906636219142,1008
2025-01-23,-0.0091221659107764,0.003990627563237854,0.0011531074167146723,-0.013112793474014254,-0.010275273327491072,1009
2025-01-24,0.019008011110073,0.00029942970453208066,0.0011429338787666613,0.01870858140554092,0.01786507723130634,1010
2025-01-27,-0.0317501074037521,0.0026603423797946133,0.001160604578303067,-0.034410449783546716,-0.03291071198205517,1011
2025-01-28,-0.0101553012784319,0.004149730002183116,0.0011280841119176372,-0.014305031280615015,-0.011283385390349537,1012
2025-01-29,0.0336958626867743,0.0038304833395106045,0.0011169455281167,0.029865379347263694,0.0325789171586576,1013
2025-01-30,0.0123053181381866,-0.003307057343889445,0.0011490746377406226,0.015612375482076045,0.011156243500445978,1014
2025-01-31,-0.0280149222402453,0.0023578150593541207,0.0011600660106474657,-0.030372737299599422,-0.029174988250892767,1015
2025-02-03,0.0494645179378851,0.004591102686252685,0.0011313504710304453,0.044873415251632416,0.048333167466854655,1016
2025-02-04,-0.0541363377749822,-0.00468030126259832,0.0011788757094442649,-0.04945603651238388,-0.055315213484426466,1017
2025-02-05,0.0043953678693813,0.008880275154329499,0.0011245385645676184,-0.0044849072849481985,0.003270829304813682,1018
2025-02-06,-0.0011387973294262,0.0032758901816448034,0.0011277484068687113,-0.004414687511071004,-0.0022665457362949113,1019
2025-02-07,-0.0083212272161507,0.00042994563400714436,0.0011255263032056769,-0.008751172850157845,-0.009446753519356378,1020
2025-02-10,0.0217648540685725,0.0019834689871401335,0.0011162738511788833,0.019781385081432366,0.020648580217393617,1021
2025-02-11,-0.0104816425259245,-0.0001982083451089931,0.0011364779414111666,-0.010283434180815506,-0.011618120467335666,1022
2025-02-12,0.0132835840656931,0.0014286102360363652,0.0011251210299083947,0.011854973829656733,0.012158463035784705,1023
2025-02-13,-0.0121124174169031,-0.0026737982775665676,0.001136994528966778,-0.00943861913933653,-0.013249411945869878,1024
2025-02-14,0.0102472092991818,0.005458641595728902,0.0011240682734098317,0.004788567703452897,0.009123141025771967,1025
2025-02-18,-0.0146338633244338,0.0017825374948764738,0.0011329602237273484,-0.016416400819310274,-0.015766823548161148,1026
2025-02-19,0.0133685340094682,0.003057705483591783,0.0011176079125801612,0.010310828525876416,0.012250926096888038,1027
2025-02-20,0.0187101289605035,-0.0003219383918079434,0.0011295251558650719,0.019032067352311444,0.017580603804638426,1028
2025-02-21,-0.0287444079240082,-0.0007531118098841286,0.0011466102907578205,-0.02799129611412407,-0.02989101821476602,1029
2025-02-24,-0.0186892403179827,0.0031288466434974153,0.0011175898847240672,-0.021818086961480115,-0.019806830202706766,1030
2025-02-25,-0.0580263129041307,0.0036025427353834705,0.001098378604217077,-0.06162885563951417,-0.059124691508347774,1031
2025-02-26,-0.0488280761126674,0.007966118486908244,0.00104108723647643,-0.056794194599575645,-0.04986916334914383,1032
2025-02-27,-0.0018990307829248,0.00818681249550661,0.0009928111828954582,-0.01008584327843141,-0.002891841965820258,1033
2025-02-28,-0.0004948164225274,-0.0019012382315778498,0.000990014430510719,0.0014064218090504496,-0.0014848308530381192,1034
2025-03-03,-0.100254070603198,-0.01057364890635543,0.0009885798113290396,-0.08968042169684258,-0.10124265041452704,1035
2025-03-04,0.0257590777611691,0.014575212818824568,0.0008908552452918514,0.011183864942344534,0.02486822251587725,1036
2025-03-05,0.032497992859159,-0.00473762236148275,0.0009148361734653106,0.03723561522064175,0.031583156685693684,1037
2025-03-06,-0.01036120737552,-0.004184163956721539,0.0009452631066885224,-0.0061770434187984604,-0.011306470482208522,1038
2025-03-07,-0.0364357845918045,0.00019900438523477455,0.0009343810369270125,-0.03663478897703928,-0.037370165628731515,1039
2025-03-10,-0.0468585694418383,0.005529395887673323,0.0008984481853609247,-0.05238796532951162,-0.04775701762719922,1040
2025-03-11,0.0436611287188671,0.005084041990759371,0.0008525720877363337,0.03857708672810772,0.04280855663113076,1041
2025-03-12,0.0039518479042258,-0.00556892583106301,0.0008936551555205283,0.009520773735288809,0.0030581927487052713,1042
2025-03-13,-0.0341632166692765,0.0019582857780167263,0.000896587267456008,-0.03612150244729322,-0.035059803936732505,1043
2025-03-14,0.0465079604257573,0.00788908813586194,0.0008630050797771454,0.038618872289895356,0.045644955345980155,1044
2025-03-17,0.0088516920896914,0.004041365642035459,0.0009066844628833465,0.00481032644765594,0.007945007626808054,1045
2025-03-18,-0.0236193175551059,0.0005713306516098818,0.0009142800724692051,-0.024190648206715782,-0.024533597627575104,1046
2025-03-19,0.0401630030885304,0.005589676077625702,0.0008908477920226196,0.0345733270109047,0.03927215529650778,1047
2025-03-20,-0.0101691605372057,-0.0029669054379061325,0.0009283212226490584,-0.007202255099299568,-0.011097481759854758,1048
2025-03-21,-0.0039632612465665,0.002985273283836339,0.0009177421170629243,-0.006948534530402839,-0.004881003363629424,1049
2025-03-24,0.0317134559402114,-0.0007969213245035572,0.0009130935424308962,0.03251037726471496,0.030800362397780508,1050
2025-03-25,-1.1832145094028271e-05,-0.004410540347219957,0.0009423993106495266,0.004398708202125928,-0.0009542314557435549,1051
2025-03-26,-0.0070997846147414,0.002072787978771508,0.0009414922465280974,-0.009172572593512908,-0.008041276861269497,1052
2025-03-27,0.0003590352918473,0.0010006389093140783,0.0009338557062989715,-0.0006416036174667784,-0.0005748204144516715,1053
2025-03-28,-0.0410479326671262,0.0021040208321550617,0.0009333103358867782,-0.04315195349928126,-0.04198124300301297,1054
2025-03-31,-0.0013344172603195,0.003378242023288438,0.0008935176884905573,-0.0047126592836079385,-0.0022279349488100574,1055
2025-04-01,0.0334243474576197,0.003152379874300195,0.0008914079016072142,0.030271967583319504,0.03253293955601248,1056
2025-04-02,0.0049874883978516,-0.0022081160134065744,0.0009221864631550027,0.007195604411258175,0.004065301934696597,1057
2025-04-03,-0.0396817181414436,-7.502416296901787e-05,0.0009260289035469656,-0.03960669397847458,-0.040607747044990566,1058
2025-04-04,0.0215738522061202,0.001957381086427219,0.0008876835333439527,0.01961647111969298,0.020686168672776246,1059
2025-04-07,0.0013789704720038,0.00043227281283690806,0.000907198786808836,0.0009466976591668919,0.000471771685194964,1060
2025-04-08,-0.0241040449453429,-0.006125450799515129,0.0009076434349569935,-0.01797859414582777,-0.025011688380299893,1061
2025-04-09,0.0769460604575016,-6.873372223054064e-05,0.0008840919393069936,0.07701479417973214,0.0760619685181946,1062
2025-04-10,-0.0407584547806337,-0.0038728097125827494,0.0009556460018829057,-0.036885645068050955,-0.04171410078251661,1063
2025-04-11,0.0482805841545114,0.00823011792545749,0.0009164410199444501,0.04005046622905391,0.047364143134566945,1064
2025-04-14,0.0166109508647002,0.00573413367864686,0.0009609143937797243,0.01087681718605334,0.015650036470920475,1065
2025-04-15,-0.010473584179802,-0.0003186105130234503,0.0009755954786492556,-0.01015497366677855,-0.011449179658451256,1066
2025-04-16,0.0035794400320359,0.003172446762481202,0.0009648652259234346,0.00040699326955469803,0.0026145748061124656,1067
2025-04-17,0.0099603224747875,0.006416621852518825,0.000967313329674476,0.0035437006222686753,0.008993009145113024,1068
2025-04-21,0.0261126246620874,0.0006114703715586246,0.0009757258733088193,0.025501154290528776,0.025136898788778582,1069
2025-04-22,0.0428599762858817,0.0007348111016389056,0.000999218302083379,0.042125165184242794,0.04186075798379832,1070
2025-04-23,0.0272972576076183,-0.0067032046044254645,0.0010383039771382793,0.03400046221204377,0.02625895363048002,1071
2025-04-24,-0.0019972648436878,-0.00893789188853545,0.0010627992697040253,0.0069406270448476495,-0.0030600641133918254,1072
2025-04-25,0.0156153641176772,0.004554621619367743,0.0010599473926179192,0.011060742498309456,0.01455541672505928,1073
2025-04-28,0.0021485241046599,-0.0004091659992810125,0.0010734999221570806,0.0025576901039409124,0.0010750241825028192,1074
2025-04-29,0.0038472117449574,0.003920804418418013,0.001074499944652432,-7.359267346061273e-05,0.002772711800304968,1075
2025-04-30,-0.0031135242408036,0.0004983414081743931,0.0010770768143553177,-0.003611865648977993,-0.004190601055158918,1076
2025-05-01,0.0198420186315202,0.0011020258221670902,0.001073185819875133,0.01873999280935311,0.018768832811645066,1077
2025-05-02,0.0060511014338158,-0.0072278193892540196,0.001090596610980555,0.01327892082306982,0.0049605048228352445,1078
2025-05-05,-0.0155289863555654,0.002333386020830945,0.0010951939277765099,-0.017862372376396346,-0.01662418028334191,1079
2025-05-06,0.0048038851919429,0.006395607781741057,0.001079801168254897,-0.0015917225897981568,0.003724084023688003,1080
2025-05-07,0.0215259339964888,0.005908414293330343,0.001083246204354516,0.015617519703158455,0.020442687792134283,1081
2025-05-08,0.0588239835142323,-0.00374530292283358,0.0011021396311494645,0.06256928643706589,0.05772184388308284,1082
2025-05-09,0.0054185401146028,-0.012739522354304303,0.0011554377326112213,0.018158062468907103,0.0042631023819915785,1083
2025-05-12,-0.0156156005146612,0.0010609865497486631,0.0011593704838861216,-0.016676587064409863,-0.01677497099854732,1084
2025-05-13,0.0185869771582879,-0.004202892169904697,0.0011439096811224833,0.0227898693281926,0.017443067477165418,1085
2025-05-14,-0.0099666341026323,-0.001403097004064784,0.001159971437547129,-0.008563537098567517,-0.01112660554017943,1086
2025-05-15,-0.0010703344995713,-0.0007113446599873348,0.0011497353698928705,-0.00035898983958396516,-0.0022200698694641707,1087
2025-05-16,0.0026741732507388,0.0035492469769687765,0.0011476948644981424,-0.0008750737262299764,0.0015264783862406577,1088
2025-05-19,0.0129055019111035,-0.0013658788585402288,0.0011490965893707235,0.01427138076964373,0.011756405321732777,1089
2025-05-20,0.0139275269959149,0.00031041710147371,0.0011598822823264414,0.01361710989444119,0.012767644713588459,1090
2025-05-21,0.0123903533062665,0.0009650931516588276,0.0011715849814223063,0.011425260154607672,0.011218768324844194,1091
2025-05-22,0.0254462676996692,-0.0012891169320080565,0.0011818585787893797,0.026735384631677257,0.02426440912087982,1092
2025-05-23,-0.02564739070563,-0.0028942438046535425,0.0012040584041515753,-0.02275314690097646,-0.026851449109781576,1093
2025-05-27,0.0002335558663017,0.0017389811565331848,0.0011795141179451938,-0.0015054252902314848,-0.0009459582516434938,1094
2025-05-28,-0.0211498084387841,-0.0010813166112203245,0.0011786502291309074,-0.020068491827563775,-0.022328458667915007,1095
2025-05-29,-0.0108202515755225,0.0027175266899569037,0.0011582775478645615,-0.013537778265479404,-0.011978529123387063,1096
2025-05-30,-0.015275056274065,0.0036958670560835612,0.0011473581958833517,-0.018970923330148562,-0.01642241446994835,1097
2025-06-02,-0.0008100664363026,-0.00010049493136789396,0.001132401534253162,-0.000709571504934706,-0.0019424679705557619,1098
2025-06-03,0.0083618617046837,0.0036186692073156097,0.0011306340474737664,0.0047431924973680905,0.007231227657209934,1099
2025-06-04,-0.0110289095887289,-0.0013839201668202881,0.001137207890798503,-0.009644989421908612,-0.012166117479527404,1100
2025-06-05,-0.0402910329262461,0.004472337410526489,0.0011261578295091953,-0.044763370336772586,-0.04141719075575529,1101
2025-06-06,0.0396039969436387,0.004544278672328231,0.001088574171836096,0.035059718271310464,0.0385154227718026,1102
2025-06-09,0.0238518476312784,-0.0021214884842004986,0.0011234929594805228,0.025973336115478897,0.022728354671797877,1103
2025-06-10,0.0108796967262069,-0.0017507794497633026,0.0011440802372629487,0.012630476175970202,0.00973561648894395,1104
2025-06-11,-0.0097412360535717,-0.0010622301467469266,0.0011528907499226261,-0.008679005906824773,-0.010894126803494325,1105
2025-06-12,-0.0268425098983705,0.0029199905281880266,0.0011430407256880022,-0.029762500426558525,-0.0279855506240585,1106
2025-06-13,-0.0051403750235719,0.007131494462630377,0.0011177601921522672,-0.012271869486202278,-0.006258135215724167,1107
2025-06-16,0.0379782439223428,0.0026176009167991595,0.001112112055675982,0.03536064300554364,0.03686613186666682,1108
2025-06-17,-0.0414315990714765,-0.006195745689700557,0.0011453547354475478,-0.03523585338177594,-0.04257695380692404,1109
2025-06-18,0.0041467841042586,0.0063303963221420755,0.0011069971194052743,-0.0021836122178834757,0.0030397869848533257,1110
2025-06-20,-0.0056005658874379,0.002011527813562991,0.0011097332012998315,-0.007612093701000891,-0.006710299088737732,1111
2025-06-23,0.0416404482657517,0.004433706722979669,0.0011036987596732687,0.03720674154277203,0.04053674950607843,1112
2025-06-24,0.0223799109903281,-0.004228117347872071,0.0011401199182591432,0.02660802833820017,0.021239791072068956,1113
2025-06-25,0.01587950516398,-0.004158296196692899,0.0011591861580006776,0.020037801360672895,0.01472031900597932,1114
2025-06-26,-0.0003716982264991,-0.0007143261129875734,0.001172388237826668,0.0003426278864884734,-0.001544086464325768,1115
2025-06-27,-0.0062143241938174,0.001614468602288329,0.0011710046478048707,-0.00782879279610573,-0.00738532884162227,1116
2025-06-30,0.0018296689189536,-0.002017484519999383,0.0011643928941418246,0.003847153438952983,0.0006652760248117755,1117
2025-07-01,-0.0154826585897182,0.002181826790504631,0.0011649879531980072,-0.01766448538022283,-0.016647646542916207,1118
2025-07-02,0.0303375019980944,0.0043433432245041275,0.0011501106998084484,0.025994158773590275,0.02918739129828595,1119
2025-07-03,0.0069497178712688,-0.003257906571875773,0.0011761708706104896,0.010207624443144573,0.005773547000658311,1120
2025-07-07,-0.0076815608287019,-0.00021546830590969917,0.0011813212247591591,-0.007466092522792201,-0.00886288205346106,1121
2025-07-08,0.0073361345369471,0.0013454775423641944,0.0011734220428933292,0.005990656994582905,0.006162712494053771,1122
2025-07-09,0.0187821967763229,-0.0012179449878896654,0.0011789097655060218,0.020000141764212564,0.017603287010816877,1123
2025-07-10,0.0250346896251513,-0.0007735553592956714,0.0011945710528821934,0.025808244984446973,0.023840118572269108,1124
2025-07-11,0.035825129277389,-0.002754005647527962,0.0012157622693908768,0.038579134924916964,0.03460936700799812,1125
2025-07-14,0.0091468362805552,-0.0004871540670739041,0.001246498829788744,0.009633990347629105,0.007900337450766457,1126
2025-07-15,-0.0316296356767493,-0.0011847286108385867,0.001253508889638581,-0.03044490706591071,-0.03288314456638788,1127
2025-07-16,0.0292863118854258,0.002774847396497011,0.0012243571657322087,0.026511464488928792,0.028061954719693593,1128
2025-07-17,-0.0038214198370703,-0.0017030848263456556,0.0012492127500720613,-0.0021183350107246445,-0.005070632587142361,1129
2025-07-18,-0.0167965559570949,0.00044123483773177364,0.001244725464596714,-0.017237790794826676,-0.018041281421691615,1130
2025-07-21,-0.0096277217540046,0.0013914967307137828,0.0012287738453025572,-0.011019218484718384,-0.010856495599307158,1131
2025-07-22,0.0234579986151611,0.00459787597752361,0.0012191833014869148,0.01886012263763749,0.022238815313674186,1132
2025-07-23,-0.0149823279857618,-0.0004438031656371021,0.0012388115586040144,-0.014538524820124698,-0.016221139544365815,1133
2025-07-24,0.0065785015217769,0.0002549405981228577,0.0012245072027447855,0.006323560923654042,0.005353994319032114,1134
2025-07-25,-0.0139685574206617,-0.0014573602119740117,0.0012292243783562674,-0.012511197208687687,-0.015197781799017967,1135
2025-07-28,-0.0063514812381396,-0.001328595387491898,0.001215846049307836,-0.005022885850647702,-0.007567327287447436,1136
2025-07-29,-0.0052862858916685,1.5924221588840815e-05,0.001209190528386598,-0.005302210113257341,-0.006495476420055098,1137
2025-07-30,-0.0024283896908552,0.0027088903335183954,0.001203482728368975,-0.005137280024373595,-0.003631872419224175,1138
2025-07-31,-0.0054670400732005,-0.000829876378489981,0.0012002940783081987,-0.004637163694710519,-0.006667334151508698,1139
2025-08-01,-0.0226562408043459,0.0013143561916588642,0.0011944455395788054,-0.023970596996004765,-0.023850686343924704,1140
2025-08-04,0.0035308644687604,0.003134920418972108,0.0011735422211354006,0.00039594404978829205,0.0023573222476249997,1141
2025-08-05,-0.0105267881757121,0.0017273784983889897,0.0011756064262559128,-0.01225416667410109,-0.011702394601968013,1142
2025-08-06,0.0127947917857058,0.002424291678832522,0.0011653681107686267,0.010370500106873279,0.011629423674937174,1143
2025-08-07,0.0182829175596594,-0.0009054840434415679,0.0011755336909040613,0.01918840160310097,0.01710738386875534,1144
2025-08-08,-0.0030020843907562,-0.0010504917281942867,0.001190474637514328,-0.0019515926625619131,-0.004192559028270528,1145
2025-08-11,0.0041262019731332,-1.0612549922316356e-05,0.0011868162090428876,0.004136814523055516,0.002939385764090313,1146
2025-08-12,0.0109588801540587,-0.0036229727353066865,0.0011893788818973692,0.014581852889365386,0.009769501272161332,1147
2025-08-13,0.0226457693243965,-0.0011855854304796047,0.0011978889004271263,0.023831354754876105,0.021447880423969373,1148
2025-08-14,-0.0414110409253692,-0.0014287568139500048,0.0012165554630241405,-0.03998228411141919,-0.04262759638839334,1149
2025-08-15,-0.0047878356172207,0.004024554753024938,0.0011794879879037986,-0.008812390370245638,-0.005967323605124498,1150
2025-08-18,-0.0106411956555805,0.000859921009596752,0.0011743035190896157,-0.011501116665177252,-0.011815499174670115,1151
2025-08-19,-0.0251661332916949,0.0014811429156600315,0.001164047009389381,-0.026647276207354933,-0.02633018030108428,1152
2025-08-20,0.0073322869121233,0.003453983589348198,0.0011412107732219185,0.003878303322775102,0.006191076138901382,1153
2025-08-21,-0.0174781289922836,0.0008926983063071225,0.0011465756572244326,-0.018370827298590724,-0.018624704649508033,1154
2025-08-22,0.0398852492041319,0.002081898454711291,0.0011304503718136032,0.037803350749420615,0.0387547988323183,1155
2025-08-25,-0.02776708289201,0.005585388387121134,0.0011639752842983076,-0.03335247127913113,-0.028931058176308307,1156
2025-08-26,0.0155612444287711,0.0034331787873812386,0.0011389700481908673,0.012128065641389862,0.014422274380580233,1157
2025-08-27,0.0093628495962423,-0.0008332119918091044,0.0011514245165678795,0.010196061588051404,0.008211425079674421,1158
2025-08-28,-0.0041521297080581,0.00011100489725536533,0.0011585094389834746,-0.004263134605313465,-0.005310639147041575,1159
2025-08-29,-0.0378056402747722,0.0024225937488119493,0.0011539313017877488,-0.04022823402358415,-0.03895957157655995,1160
2025-09-02,0.0231759195427326,0.0023013186908329877,0.0011203743925917457,0.020874600851899613,0.022055545150140857,1161
2025-09-03,0.007593523430252,-0.00027243580971166503,0.0011393550682803348,0.007865959239963666,0.006454168361971666,1162
2025-09-04,-0.0166477058203542,0.0016932797532450963,0.0011449046541461745,-0.018340985573599297,-0.017792610474500373,1163
2025-09-05,0.0112163961830805,0.0019087333772834256,0.0011296189063158479,0.009307662805797074,0.010086777276764653,1164
2025-09-08,0.0056887305348703,0.0025819832225453757,0.0011382770842358178,0.0031067473123249246,0.004550453450634482,1165
2025-09-09,-0.0043624192418514,0.0015776558409877125,0.0011421797029756414,-0.005940075082839113,-0.0055045989448270416,1166
2025-09-10,0.0188760116566982,0.0011616496179619746,0.0011374628229886428,0.017714362038736227,0.01773854883370956,1167
2025-09-11,0.0070273607405556,-0.0014663644855000132,0.001152649936716134,0.008493725226055614,0.005874710803839466,1168
2025-09-12,0.015689928153922,-0.00016868101866472065,0.001157675352288281,0.01585860917258672,0.014532252801633718,1169
2025-09-15,-0.0038201676241366,0.0012688463699685247,0.001170096081178566,-0.0050890139941051245,-0.004990263705315166,1170
2025-09-16,0.012897080812772,0.002399381114776174,0.0011658345408665975,0.010497699697995827,0.011731246271905403,1171
2025-09-17,-0.0108647567851954,-0.00029933530408626915,0.0011758441366617387,-0.01056542148110913,-0.012040600921857138,1172
2025-09-18,0.0166929519042229,0.0015781376788460734,0.0011655793447419968,0.015114814225376826,0.015527372559480902,1173
2025-09-19,-0.0186742864156792,-0.0032836510334797973,0.0011788053861044167,-0.015390635382199404,-0.01985309180178362,1174
2025-09-22,-0.0225206528402166,0.0025360081100335974,0.0011619091377624731,-0.025056660950250196,-0.023682561977979074,1175
2025-09-23,-0.0073357729407807,0.005605185792740665,0.001141770904788001,-0.012940958733521364,-0.0084775438455687,1176
2025-09-24,0.0138934106339556,0.00354160180404248,0.001134568233721248,0.01035180882991312,0.012758842400234352,1177
2025-09-25,-0.0393282822798456,-0.002994163239291468,0.0011453991695448763,-0.03633411904055413,-0.040473681449390474,1178
2025-09-26,0.0015094902458425,0.005343378376488795,0.0011110703472807623,-0.003833888130646295,0.0003984198985617377,1179
2025-09-29,0.0307312505198707,0.0005541871288827921,0.0011114079912625942,0.03017706339098791,0.029619842528608106,1180
2025-09-30,0.0024820015753068,-0.001332996457429939,0.0011364882982300864,0.003814998032736739,0.0013455132770767138,1181
2025-10-01,0.0254016005298061,0.0008068517118816534,0.0011376266343359042,0.02459474881792445,0.0242639738954702,1182
2025-10-02,0.0262898622865122,-0.001545513533318969,0.0011581371786262423,0.02783537581983117,0.025131725107885958,1183
2025-10-03,0.0149945258714193,-0.0036408877889299797,0.0011793632978052005,0.01863541366034928,0.0138151625736141,1184
2025-10-06,0.0199538786450737,0.0009073287903486185,0.001191021662846225,0.019046549854725082,0.018762856982227474,1185
2025-10-07,-0.0261462439945661,-0.0002347838787223627,0.0012068419469796377,-0.025911460115843738,-0.027353085941545736,1186
2025-10-08,0.0074892442519367,0.0051047081847402,0.0011837980666582007,0.0023845360671964997,0.006305446185278499,1187
2025-10-09,-0.0144294946717316,0.0016887700762384546,0.0011891056812922734,-0.016118264747970054,-0.015618600353023874,1188
2025-10-10,-0.0576142028001618,-0.0009657706418404417,0.0011759697684638262,-0.05664843215832136,-0.05879017256862563,1189
2025-10-14,-0.0239259949548147,0.004392277637627676,0.0011265662621036366,-0.028318272592442375,-0.025052561216918335,1190
2025-10-15,-0.0166044090832243,0.004455361045069428,0.0011055313660356951,-0.02105977012829373,-0.017709940449259994,1191
2025-10-16,-0.0305539851750346,0.0034023854343489903,0.001090674033444034,-0.03395637060938359,-0.031644659208478636,1192
2025-10-17,-0.0071531705525628,0.007841756294731526,0.0010641487533028114,-0.014994926847294325,-0.008217319305865611,1193
2025-10-20,0.0194857178327793,-0.004412178873385262,0.0010572665763297245,0.023897896706164563,0.018428451256449575,1194
2025-10-21,-0.0014871801435665,0.0016916096266017158,0.0010726878744522766,-0.003178789770168216,-0.0025598680180187764,1195
2025-10-22,-0.0296534477167407,-0.006766119463756171,0.0010705475165776787,-0.02288732825298453,-0.03072399523331838,1196
2025-10-23,0.0176424962097979,0.002613358353750967,0.001044880018471314,0.015029137856046931,0.016597616191326586,1197
2025-10-24,0.0116390924671684,0.00022124461449200795,0.0010587344560266786,0.011417847852676391,0.010580358011141721,1198
2025-10-27,0.0099262055285698,-0.0019380675725429257,0.0010675587746348035,0.011864273101112726,0.008858646753934996,1199
2025-10-28,-0.0147685271155038,-0.004822885277416456,0.0010749409802630829,-0.009945641838087344,-0.015843468095766883,1200
2025-10-29,-0.012181696800713,0.001060855264629434,0.0010617490834306375,-0.013242552065342434,-0.013243445884143638,1201
2025-10-30,-0.0360429342047102,0.0012972645822238486,0.0010507312415969073,-0.03734019878693405,-0.03709366544630711,1202
2025-10-31,0.0176601380811174,0.00518056596245318,0.0010198969394802763,0.012479572118664219,0.016640241141637122,1203
2025-11-03,-0.0291502668727765,0.00046038788774868195,0.0010337177377706726,-0.029610654760525185,-0.030183984610547172,1204
2025-11-04,-0.0633740452071202,0.004027474792302672,0.001008668787886401,-0.06740151999942287,-0.0643827139950066,1205
2025-11-05,0.0329853455650725,0.005903398221277914,0.0009552834528988335,0.02708194734379459,0.03203006211217367,1206
2025-11-06,-0.0252048543811298,-0.0039686098503391234,0.0009818203726272292,-0.021236244530790677,-0.02618667475375703,1207
2025-11-07,0.0267502900025979,0.004599868615143596,0.0009601426617383573,0.022150421387454305,0.025790147340859545,1208
2025-11-10,0.0105043321621615,-0.0017855535785246024,0.0009814744626819964,0.012289885740686101,0.009522857699479503,1209
2025-11-12,-0.007572923304809,0.0032954615378945644,0.0009893445930121447,-0.010868384842703565,-0.008562267897821144,1210
2025-11-13,-0.0306206357366333,0.004299841582385393,0.0009822741818661322,-0.03492047731901869,-0.031602909918499435,1211
2025-11-14,-0.0391503354714297,0.0034321190564289045,0.0009561991736825519,-0.04258245452785861,-0.040106534645112255,1212
2025-11-17,-0.0176441309297601,-0.001026310550129221,0.000923135253942146,-0.016617820379630877,-0.018567266183702247,1213
2025-11-18,0.0071132451859113,0.0009674212561315313,0.0009078409654876962,0.006145823929779769,0.006205404220423604,1214
2025-11-19,-0.0210577376178096,-0.0016350045677788853,0.0009129482940641763,-0.019422733050030713,-0.021970685911873775,1215
2025-11-20,-0.0372978608455766,0.002001601275797708,0.0008948802957813854,-0.03929946212137431,-0.03819274114135798,1216
2025-11-21,-0.0238467080382645,0.003929439119226259,0.0008634975996915267,-0.027776147157490758,-0.024710205637956027,1217
2025-11-24,0.0090451901082058,-0.004467691576664556,0.0008432100745372114,0.013512881684870356,0.008201980033668588,1218
2025-11-25,-0.02011788325946,-0.0013526487730745268,0.0008499385241136418,-0.018765234486385476,-0.020967821783573645,1219
2025-11-26,0.0356818949837344,0.003983187287178881,0.0008327517849467781,0.031698707696555514,0.03484914319878762,1220
2025-11-28,-0.0051948271339137,-0.0012497118805182299,0.0008612932617680619,-0.00394511525339547,-0.0060561203956817624,1221
2025-12-01,-0.0531350664648002,0.001713701250101253,0.0008563373530972913,-0.05484876771490145,-0.05399140381789749,1222
2025-12-02,0.0579729924579246,0.005718219906922759,0.0008121906615045706,0.052254772551001846,0.05716080179642003,1223
2025-12-03,0.0228403976892387,-0.009285181106041844,0.000858890662972234,0.032125578795280545,0.021981507026266466,1224
2025-12-04,-0.0168738629983313,-0.002245293216351376,0.0008768347503406148,-0.014628569781979923,-0.017750697748671915,1225
2025-12-05,-0.0330165845957834,0.0016522675124476622,0.0008623562040529543,-0.03466885210823106,-0.03387894079983636,1226
2025-12-08,0.0123930461845403,-0.0011414332611384998,0.0008347450053570811,0.0135344794456788,0.011558301179183219,1227
2025-12-09,0.0145314140683793,-0.0026316442138060486,0.000844157302734266,0.01716305828218535,0.013687256765645034,1228
2025-12-10,-0.0030149598901376,-0.0017564954729211726,0.0008552942081578993,-0.0012584644172164276,-0.0038702540982954994,1229
2025-12-11,0.0054002300906678,0.0005984443392018807,0.0008521476601105045,0.004801785751465919,0.004548082430557296,1230
2025-12-12,-0.0293986779264238,0.0017919761903042795,0.0008558422843432886,-0.03119065411672808,-0.030254520210767088,1231
2025-12-15,-0.0255916762648211,0.0028121936061765193,0.0008312850439124712,-0.02840386987099762,-0.02642296130873357,1232
2025-12-16,0.0178996453156278,0.0038185489175644243,0.0008098552293879509,0.014081096398063375,0.01708979008623985,1233
2025-12-17,-0.0207609646560426,-0.0011989220484257047,0.0008237043299440609,-0.019562042607616893,-0.021584668985986658,1234
2025-12-18,-0.0044331347813775,0.004097265946150948,0.00080622686517808,-0.008530400727528448,-0.00523936164655558,1235
2025-12-19,0.0253697349033878,0.00048192270545847134,0.0008019878994446207,0.024887812197929328,0.02456774700394318,1236
2025-12-22,0.0010552617757264,0.0015006725651432514,0.0008218486488415028,-0.00044541078941685137,0.00023341312688489725,1237
2025-12-23,-0.0066415618703312,0.0023844670984292963,0.0008220371893317168,-0.009026028968760497,-0.0074635990596629165,1238
2025-12-24,-0.0002490387408431,0.002070947309151348,0.0008160132998566055,-0.002319986049994448,-0.0010650520406997055,1239
2025-12-26,-0.004811213680116,0.0015943055441625927,0.0008151543869205572,-0.006405519224278592,-0.005626368067036557,1240
2025-12-29,-0.0034935276376092,0.003339819327836111,0.0008106206495579171,-0.006833346965445311,-0.004304148287167117,1241
2025-12-30,0.0109846166391908,-0.0036507899125542416,0.0008071551517421624,0.014635406551745042,0.010177461487448638,1242
2025-12-31,-0.0058062780569171,-4.161411867051714e-05,0.0008153429727296513,-0.005764663938246583,-0.0066216210296467515,1243
