Forecast_Number,Forecast_Date,Training_Start,Training_End,Training_N,Forecast_Horizon_Days,Window_Type
1,2024-01-01,2021-01-01,2023-12-31,1095,1,Expanding
2,2024-01-02,2021-01-01,2024-01-01,1096,1,Expanding
3,2024-01-03,2021-01-01,2024-01-02,1097,1,Expanding
4,2024-01-04,2021-01-01,2024-01-03,1098,1,Expanding
5,2024-01-05,2021-01-01,2024-01-04,1099,1,Expanding
6,2024-01-06,2021-01-01,2024-01-05,1100,1,Expanding
7,2024-01-07,2021-01-01,2024-01-06,1101,1,Expanding
8,2024-01-08,2021-01-01,2024-01-07,1102,1,Expanding
9,2024-01-09,2021-01-01,2024-01-08,1103,1,Expanding
10,2024-01-10,2021-01-01,2024-01-09,1104,1,Expanding
11,2024-01-11,2021-01-01,2024-01-10,1105,1,Expanding
12,2024-01-12,2021-01-01,2024-01-11,1106,1,Expanding
13,2024-01-13,2021-01-01,2024-01-12,1107,1,Expanding
14,2024-01-14,2021-01-01,2024-01-13,1108,1,Expanding
15,2024-01-15,2021-01-01,2024-01-14,1109,1,Expanding
16,2024-01-16,2021-01-01,2024-01-15,1110,1,Expanding
17,2024-01-17,2021-01-01,2024-01-16,1111,1,Expanding
18,2024-01-18,2021-01-01,2024-01-17,1112,1,Expanding
19,2024-01-19,2021-01-01,2024-01-18,1113,1,Expanding
20,2024-01-20,2021-01-01,2024-01-19,1114,1,Expanding
21,2024-01-21,2021-01-01,2024-01-20,1115,1,Expanding
22,2024-01-22,2021-01-01,2024-01-21,1116,1,Expanding
23,2024-01-23,2021-01-01,2024-01-22,1117,1,Expanding
24,2024-01-24,2021-01-01,2024-01-23,1118,1,Expanding
25,2024-01-25,2021-01-01,2024-01-24,1119,1,Expanding
26,2024-01-26,2021-01-01,2024-01-25,1120,1,Expanding
27,2024-01-27,2021-01-01,2024-01-26,1121,1,Expanding
28,2024-01-28,2021-01-01,2024-01-27,1122,1,Expanding
29,2024-01-29,2021-01-01,2024-01-28,1123,1,Expanding
30,2024-01-30,2021-01-01,2024-01-29,1124,1,Expanding
31,2024-01-31,2021-01-01,2024-01-30,1125,1,Expanding
32,2024-02-01,2021-01-01,2024-01-31,1126,1,Expanding
33,2024-02-02,2021-01-01,2024-02-01,1127,1,Expanding
34,2024-02-03,2021-01-01,2024-02-02,1128,1,Expanding
35,2024-02-04,2021-01-01,2024-02-03,1129,1,Expanding
36,2024-02-05,2021-01-01,2024-02-04,1130,1,Expanding
37,2024-02-06,2021-01-01,2024-02-05,1131,1,Expanding
38,2024-02-07,2021-01-01,2024-02-06,1132,1,Expanding
39,2024-02-08,2021-01-01,2024-02-07,1133,1,Expanding
40,2024-02-09,2021-01-01,2024-02-08,1134,1,Expanding
41,2024-02-10,2021-01-01,2024-02-09,1135,1,Expanding
42,2024-02-11,2021-01-01,2024-02-10,1136,1,Expanding
43,2024-02-12,2021-01-01,2024-02-11,1137,1,Expanding
44,2024-02-13,2021-01-01,2024-02-12,1138,1,Expanding
45,2024-02-14,2021-01-01,2024-02-13,1139,1,Expanding
46,2024-02-15,2021-01-01,2024-02-14,1140,1,Expanding
47,2024-02-16,2021-01-01,2024-02-15,1141,1,Expanding
48,2024-02-17,2021-01-01,2024-02-16,1142,1,Expanding
49,2024-02-18,2021-01-01,2024-02-17,1143,1,Expanding
50,2024-02-19,2021-01-01,2024-02-18,1144,1,Expanding
51,2024-02-20,2021-01-01,2024-02-19,1145,1,Expanding
52,2024-02-21,2021-01-01,2024-02-20,1146,1,Expanding
53,2024-02-22,2021-01-01,2024-02-21,1147,1,Expanding
54,2024-02-23,2021-01-01,2024-02-22,1148,1,Expanding
55,2024-02-24,2021-01-01,2024-02-23,1149,1,Expanding
56,2024-02-25,2021-01-01,2024-02-24,1150,1,Expanding
57,2024-02-26,2021-01-01,2024-02-25,1151,1,Expanding
58,2024-02-27,2021-01-01,2024-02-26,1152,1,Expanding
59,2024-02-28,2021-01-01,2024-02-27,1153,1,Expanding
60,2024-02-29,2021-01-01,2024-02-28,1154,1,Expanding
61,2024-03-01,2021-01-01,2024-02-29,1155,1,Expanding
62,2024-03-02,2021-01-01,2024-03-01,1156,1,Expanding
63,2024-03-03,2021-01-01,2024-03-02,1157,1,Expanding
64,2024-03-04,2021-01-01,2024-03-03,1158,1,Expanding
65,2024-03-05,2021-01-01,2024-03-04,1159,1,Expanding
66,2024-03-06,2021-01-01,2024-03-05,1160,1,Expanding
67,2024-03-07,2021-01-01,2024-03-06,1161,1,Expanding
68,2024-03-08,2021-01-01,2024-03-07,1162,1,Expanding
69,2024-03-09,2021-01-01,2024-03-08,1163,1,Expanding
70,2024-03-10,2021-01-01,2024-03-09,1164,1,Expanding
71,2024-03-11,2021-01-01,2024-03-10,1165,1,Expanding
72,2024-03-12,2021-01-01,2024-03-11,1166,1,Expanding
73,2024-03-13,2021-01-01,2024-03-12,1167,1,Expanding
74,2024-03-14,2021-01-01,2024-03-13,1168,1,Expanding
75,2024-03-15,2021-01-01,2024-03-14,1169,1,Expanding
76,2024-03-16,2021-01-01,2024-03-15,1170,1,Expanding
77,2024-03-17,2021-01-01,2024-03-16,1171,1,Expanding
78,2024-03-18,2021-01-01,2024-03-17,1172,1,Expanding
79,2024-03-19,2021-01-01,2024-03-18,1173,1,Expanding
80,2024-03-20,2021-01-01,2024-03-19,1174,1,Expanding
81,2024-03-21,2021-01-01,2024-03-20,1175,1,Expanding
82,2024-03-22,2021-01-01,2024-03-21,1176,1,Expanding
83,2024-03-23,2021-01-01,2024-03-22,1177,1,Expanding
84,2024-03-24,2021-01-01,2024-03-23,1178,1,Expanding
85,2024-03-25,2021-01-01,2024-03-24,1179,1,Expanding
86,2024-03-26,2021-01-01,2024-03-25,1180,1,Expanding
87,2024-03-27,2021-01-01,2024-03-26,1181,1,Expanding
88,2024-03-28,2021-01-01,2024-03-27,1182,1,Expanding
89,2024-03-29,2021-01-01,2024-03-28,1183,1,Expanding
90,2024-03-30,2021-01-01,2024-03-29,1184,1,Expanding
91,2024-03-31,2021-01-01,2024-03-30,1185,1,Expanding
92,2024-04-01,2021-01-01,2024-03-31,1186,1,Expanding
93,2024-04-02,2021-01-01,2024-04-01,1187,1,Expanding
94,2024-04-03,2021-01-01,2024-04-02,1188,1,Expanding
95,2024-04-04,2021-01-01,2024-04-03,1189,1,Expanding
96,2024-04-05,2021-01-01,2024-04-04,1190,1,Expanding
97,2024-04-06,2021-01-01,2024-04-05,1191,1,Expanding
98,2024-04-07,2021-01-01,2024-04-06,1192,1,Expanding
99,2024-04-08,2021-01-01,2024-04-07,1193,1,Expanding
100,2024-04-09,2021-01-01,2024-04-08,1194,1,Expanding
101,2024-04-10,2021-01-01,2024-04-09,1195,1,Expanding
102,2024-04-11,2021-01-01,2024-04-10,1196,1,Expanding
103,2024-04-12,2021-01-01,2024-04-11,1197,1,Expanding
104,2024-04-13,2021-01-01,2024-04-12,1198,1,Expanding
105,2024-04-14,2021-01-01,2024-04-13,1199,1,Expanding
106,2024-04-15,2021-01-01,2024-04-14,1200,1,Expanding
107,2024-04-16,2021-01-01,2024-04-15,1201,1,Expanding
108,2024-04-17,2021-01-01,2024-04-16,1202,1,Expanding
109,2024-04-18,2021-01-01,2024-04-17,1203,1,Expanding
110,2024-04-19,2021-01-01,2024-04-18,1204,1,Expanding
111,2024-04-20,2021-01-01,2024-04-19,1205,1,Expanding
112,2024-04-21,2021-01-01,2024-04-20,1206,1,Expanding
113,2024-04-22,2021-01-01,2024-04-21,1207,1,Expanding
114,2024-04-23,2021-01-01,2024-04-22,1208,1,Expanding
115,2024-04-24,2021-01-01,2024-04-23,1209,1,Expanding
116,2024-04-25,2021-01-01,2024-04-24,1210,1,Expanding
117,2024-04-26,2021-01-01,2024-04-25,1211,1,Expanding
118,2024-04-27,2021-01-01,2024-04-26,1212,1,Expanding
119,2024-04-28,2021-01-01,2024-04-27,1213,1,Expanding
120,2024-04-29,2021-01-01,2024-04-28,1214,1,Expanding
121,2024-04-30,2021-01-01,2024-04-29,1215,1,Expanding
122,2024-05-01,2021-01-01,2024-04-30,1216,1,Expanding
123,2024-05-02,2021-01-01,2024-05-01,1217,1,Expanding
124,2024-05-03,2021-01-01,2024-05-02,1218,1,Expanding
125,2024-05-04,2021-01-01,2024-05-03,1219,1,Expanding
126,2024-05-05,2021-01-01,2024-05-04,1220,1,Expanding
127,2024-05-06,2021-01-01,2024-05-05,1221,1,Expanding
128,2024-05-07,2021-01-01,2024-05-06,1222,1,Expanding
129,2024-05-08,2021-01-01,2024-05-07,1223,1,Expanding
130,2024-05-09,2021-01-01,2024-05-08,1224,1,Expanding
131,2024-05-10,2021-01-01,2024-05-09,1225,1,Expanding
132,2024-05-11,2021-01-01,2024-05-10,1226,1,Expanding
133,2024-05-12,2021-01-01,2024-05-11,1227,1,Expanding
134,2024-05-13,2021-01-01,2024-05-12,1228,1,Expanding
135,2024-05-14,2021-01-01,2024-05-13,1229,1,Expanding
136,2024-05-15,2021-01-01,2024-05-14,1230,1,Expanding
137,2024-05-16,2021-01-01,2024-05-15,1231,1,Expanding
138,2024-05-17,2021-01-01,2024-05-16,1232,1,Expanding
139,2024-05-18,2021-01-01,2024-05-17,1233,1,Expanding
140,2024-05-19,2021-01-01,2024-05-18,1234,1,Expanding
141,2024-05-20,2021-01-01,2024-05-19,1235,1,Expanding
142,2024-05-21,2021-01-01,2024-05-20,1236,1,Expanding
143,2024-05-22,2021-01-01,2024-05-21,1237,1,Expanding
144,2024-05-23,2021-01-01,2024-05-22,1238,1,Expanding
145,2024-05-24,2021-01-01,2024-05-23,1239,1,Expanding
146,2024-05-25,2021-01-01,2024-05-24,1240,1,Expanding
147,2024-05-26,2021-01-01,2024-05-25,1241,1,Expanding
148,2024-05-27,2021-01-01,2024-05-26,1242,1,Expanding
149,2024-05-28,2021-01-01,2024-05-27,1243,1,Expanding
150,2024-05-29,2021-01-01,2024-05-28,1244,1,Expanding
151,2024-05-30,2021-01-01,2024-05-29,1245,1,Expanding
152,2024-05-31,2021-01-01,2024-05-30,1246,1,Expanding
153,2024-06-01,2021-01-01,2024-05-31,1247,1,Expanding
154,2024-06-02,2021-01-01,2024-06-01,1248,1,Expanding
155,2024-06-03,2021-01-01,2024-06-02,1249,1,Expanding
156,2024-06-04,2021-01-01,2024-06-03,1250,1,Expanding
157,2024-06-05,2021-01-01,2024-06-04,1251,1,Expanding
158,2024-06-06,2021-01-01,2024-06-05,1252,1,Expanding
159,2024-06-07,2021-01-01,2024-06-06,1253,1,Expanding
160,2024-06-08,2021-01-01,2024-06-07,1254,1,Expanding
161,2024-06-09,2021-01-01,2024-06-08,1255,1,Expanding
162,2024-06-10,2021-01-01,2024-06-09,1256,1,Expanding
163,2024-06-11,2021-01-01,2024-06-10,1257,1,Expanding
164,2024-06-12,2021-01-01,2024-06-11,1258,1,Expanding
165,2024-06-13,2021-01-01,2024-06-12,1259,1,Expanding
166,2024-06-14,2021-01-01,2024-06-13,1260,1,Expanding
167,2024-06-15,2021-01-01,2024-06-14,1261,1,Expanding
168,2024-06-16,2021-01-01,2024-06-15,1262,1,Expanding
169,2024-06-17,2021-01-01,2024-06-16,1263,1,Expanding
170,2024-06-18,2021-01-01,2024-06-17,1264,1,Expanding
171,2024-06-19,2021-01-01,2024-06-18,1265,1,Expanding
172,2024-06-20,2021-01-01,2024-06-19,1266,1,Expanding
173,2024-06-21,2021-01-01,2024-06-20,1267,1,Expanding
174,2024-06-22,2021-01-01,2024-06-21,1268,1,Expanding
175,2024-06-23,2021-01-01,2024-06-22,1269,1,Expanding
176,2024-06-24,2021-01-01,2024-06-23,1270,1,Expanding
177,2024-06-25,2021-01-01,2024-06-24,1271,1,Expanding
178,2024-06-26,2021-01-01,2024-06-25,1272,1,Expanding
179,2024-06-27,2021-01-01,2024-06-26,1273,1,Expanding
180,2024-06-28,2021-01-01,2024-06-27,1274,1,Expanding
181,2024-06-29,2021-01-01,2024-06-28,1275,1,Expanding
182,2024-06-30,2021-01-01,2024-06-29,1276,1,Expanding
183,2024-07-01,2021-01-01,2024-06-30,1277,1,Expanding
184,2024-07-02,2021-01-01,2024-07-01,1278,1,Expanding
185,2024-07-03,2021-01-01,2024-07-02,1279,1,Expanding
186,2024-07-04,2021-01-01,2024-07-03,1280,1,Expanding
187,2024-07-05,2021-01-01,2024-07-04,1281,1,Expanding
188,2024-07-06,2021-01-01,2024-07-05,1282,1,Expanding
189,2024-07-07,2021-01-01,2024-07-06,1283,1,Expanding
190,2024-07-08,2021-01-01,2024-07-07,1284,1,Expanding
191,2024-07-09,2021-01-01,2024-07-08,1285,1,Expanding
192,2024-07-10,2021-01-01,2024-07-09,1286,1,Expanding
193,2024-07-11,2021-01-01,2024-07-10,1287,1,Expanding
194,2024-07-12,2021-01-01,2024-07-11,1288,1,Expanding
195,2024-07-13,2021-01-01,2024-07-12,1289,1,Expanding
196,2024-07-14,2021-01-01,2024-07-13,1290,1,Expanding
197,2024-07-15,2021-01-01,2024-07-14,1291,1,Expanding
198,2024-07-16,2021-01-01,2024-07-15,1292,1,Expanding
199,2024-07-17,2021-01-01,2024-07-16,1293,1,Expanding
200,2024-07-18,2021-01-01,2024-07-17,1294,1,Expanding
201,2024-07-19,2021-01-01,2024-07-18,1295,1,Expanding
202,2024-07-20,2021-01-01,2024-07-19,1296,1,Expanding
203,2024-07-21,2021-01-01,2024-07-20,1297,1,Expanding
204,2024-07-22,2021-01-01,2024-07-21,1298,1,Expanding
205,2024-07-23,2021-01-01,2024-07-22,1299,1,Expanding
206,2024-07-24,2021-01-01,2024-07-23,1300,1,Expanding
207,2024-07-25,2021-01-01,2024-07-24,1301,1,Expanding
208,2024-07-26,2021-01-01,2024-07-25,1302,1,Expanding
209,2024-07-27,2021-01-01,2024-07-26,1303,1,Expanding
210,2024-07-28,2021-01-01,2024-07-27,1304,1,Expanding
211,2024-07-29,2021-01-01,2024-07-28,1305,1,Expanding
212,2024-07-30,2021-01-01,2024-07-29,1306,1,Expanding
213,2024-07-31,2021-01-01,2024-07-30,1307,1,Expanding
214,2024-08-01,2021-01-01,2024-07-31,1308,1,Expanding
215,2024-08-02,2021-01-01,2024-08-01,1309,1,Expanding
216,2024-08-03,2021-01-01,2024-08-02,1310,1,Expanding
217,2024-08-04,2021-01-01,2024-08-03,1311,1,Expanding
218,2024-08-05,2021-01-01,2024-08-04,1312,1,Expanding
219,2024-08-06,2021-01-01,2024-08-05,1313,1,Expanding
220,2024-08-07,2021-01-01,2024-08-06,1314,1,Expanding
221,2024-08-08,2021-01-01,2024-08-07,1315,1,Expanding
222,2024-08-09,2021-01-01,2024-08-08,1316,1,Expanding
223,2024-08-10,2021-01-01,2024-08-09,1317,1,Expanding
224,2024-08-11,2021-01-01,2024-08-10,1318,1,Expanding
225,2024-08-12,2021-01-01,2024-08-11,1319,1,Expanding
226,2024-08-13,2021-01-01,2024-08-12,1320,1,Expanding
227,2024-08-14,2021-01-01,2024-08-13,1321,1,Expanding
228,2024-08-15,2021-01-01,2024-08-14,1322,1,Expanding
229,2024-08-16,2021-01-01,2024-08-15,1323,1,Expanding
230,2024-08-17,2021-01-01,2024-08-16,1324,1,Expanding
231,2024-08-18,2021-01-01,2024-08-17,1325,1,Expanding
232,2024-08-19,2021-01-01,2024-08-18,1326,1,Expanding
233,2024-08-20,2021-01-01,2024-08-19,1327,1,Expanding
234,2024-08-21,2021-01-01,2024-08-20,1328,1,Expanding
235,2024-08-22,2021-01-01,2024-08-21,1329,1,Expanding
236,2024-08-23,2021-01-01,2024-08-22,1330,1,Expanding
237,2024-08-24,2021-01-01,2024-08-23,1331,1,Expanding
238,2024-08-25,2021-01-01,2024-08-24,1332,1,Expanding
239,2024-08-26,2021-01-01,2024-08-25,1333,1,Expanding
240,2024-08-27,2021-01-01,2024-08-26,1334,1,Expanding
241,2024-08-28,2021-01-01,2024-08-27,1335,1,Expanding
242,2024-08-29,2021-01-01,2024-08-28,1336,1,Expanding
243,2024-08-30,2021-01-01,2024-08-29,1337,1,Expanding
244,2024-08-31,2021-01-01,2024-08-30,1338,1,Expanding
245,2024-09-01,2021-01-01,2024-08-31,1339,1,Expanding
246,2024-09-02,2021-01-01,2024-09-01,1340,1,Expanding
247,2024-09-03,2021-01-01,2024-09-02,1341,1,Expanding
248,2024-09-04,2021-01-01,2024-09-03,1342,1,Expanding
249,2024-09-05,2021-01-01,2024-09-04,1343,1,Expanding
250,2024-09-06,2021-01-01,2024-09-05,1344,1,Expanding
251,2024-09-07,2021-01-01,2024-09-06,1345,1,Expanding
252,2024-09-08,2021-01-01,2024-09-07,1346,1,Expanding
253,2024-09-09,2021-01-01,2024-09-08,1347,1,Expanding
254,2024-09-10,2021-01-01,2024-09-09,1348,1,Expanding
255,2024-09-11,2021-01-01,2024-09-10,1349,1,Expanding
256,2024-09-12,2021-01-01,2024-09-11,1350,1,Expanding
257,2024-09-13,2021-01-01,2024-09-12,1351,1,Expanding
258,2024-09-14,2021-01-01,2024-09-13,1352,1,Expanding
259,2024-09-15,2021-01-01,2024-09-14,1353,1,Expanding
260,2024-09-16,2021-01-01,2024-09-15,1354,1,Expanding
261,2024-09-17,2021-01-01,2024-09-16,1355,1,Expanding
262,2024-09-18,2021-01-01,2024-09-17,1356,1,Expanding
263,2024-09-19,2021-01-01,2024-09-18,1357,1,Expanding
264,2024-09-20,2021-01-01,2024-09-19,1358,1,Expanding
265,2024-09-21,2021-01-01,2024-09-20,1359,1,Expanding
266,2024-09-22,2021-01-01,2024-09-21,1360,1,Expanding
267,2024-09-23,2021-01-01,2024-09-22,1361,1,Expanding
268,2024-09-24,2021-01-01,2024-09-23,1362,1,Expanding
269,2024-09-25,2021-01-01,2024-09-24,1363,1,Expanding
270,2024-09-26,2021-01-01,2024-09-25,1364,1,Expanding
271,2024-09-27,2021-01-01,2024-09-26,1365,1,Expanding
272,2024-09-28,2021-01-01,2024-09-27,1366,1,Expanding
273,2024-09-29,2021-01-01,2024-09-28,1367,1,Expanding
274,2024-09-30,2021-01-01,2024-09-29,1368,1,Expanding
275,2024-10-01,2021-01-01,2024-09-30,1369,1,Expanding
276,2024-10-02,2021-01-01,2024-10-01,1370,1,Expanding
277,2024-10-03,2021-01-01,2024-10-02,1371,1,Expanding
278,2024-10-04,2021-01-01,2024-10-03,1372,1,Expanding
279,2024-10-05,2021-01-01,2024-10-04,1373,1,Expanding
280,2024-10-06,2021-01-01,2024-10-05,1374,1,Expanding
281,2024-10-07,2021-01-01,2024-10-06,1375,1,Expanding
282,2024-10-08,2021-01-01,2024-10-07,1376,1,Expanding
283,2024-10-09,2021-01-01,2024-10-08,1377,1,Expanding
284,2024-10-10,2021-01-01,2024-10-09,1378,1,Expanding
285,2024-10-11,2021-01-01,2024-10-10,1379,1,Expanding
286,2024-10-12,2021-01-01,2024-10-11,1380,1,Expanding
287,2024-10-13,2021-01-01,2024-10-12,1381,1,Expanding
288,2024-10-14,2021-01-01,2024-10-13,1382,1,Expanding
289,2024-10-15,2021-01-01,2024-10-14,1383,1,Expanding
290,2024-10-16,2021-01-01,2024-10-15,1384,1,Expanding
291,2024-10-17,2021-01-01,2024-10-16,1385,1,Expanding
292,2024-10-18,2021-01-01,2024-10-17,1386,1,Expanding
293,2024-10-19,2021-01-01,2024-10-18,1387,1,Expanding
294,2024-10-20,2021-01-01,2024-10-19,1388,1,Expanding
295,2024-10-21,2021-01-01,2024-10-20,1389,1,Expanding
296,2024-10-22,2021-01-01,2024-10-21,1390,1,Expanding
297,2024-10-23,2021-01-01,2024-10-22,1391,1,Expanding
298,2024-10-24,2021-01-01,2024-10-23,1392,1,Expanding
299,2024-10-25,2021-01-01,2024-10-24,1393,1,Expanding
300,2024-10-26,2021-01-01,2024-10-25,1394,1,Expanding
301,2024-10-27,2021-01-01,2024-10-26,1395,1,Expanding
302,2024-10-28,2021-01-01,2024-10-27,1396,1,Expanding
303,2024-10-29,2021-01-01,2024-10-28,1397,1,Expanding
304,2024-10-30,2021-01-01,2024-10-29,1398,1,Expanding
305,2024-10-31,2021-01-01,2024-10-30,1399,1,Expanding
306,2024-11-01,2021-01-01,2024-10-31,1400,1,Expanding
307,2024-11-02,2021-01-01,2024-11-01,1401,1,Expanding
308,2024-11-03,2021-01-01,2024-11-02,1402,1,Expanding
309,2024-11-04,2021-01-01,2024-11-03,1403,1,Expanding
310,2024-11-05,2021-01-01,2024-11-04,1404,1,Expanding
311,2024-11-06,2021-01-01,2024-11-05,1405,1,Expanding
312,2024-11-07,2021-01-01,2024-11-06,1406,1,Expanding
313,2024-11-08,2021-01-01,2024-11-07,1407,1,Expanding
314,2024-11-09,2021-01-01,2024-11-08,1408,1,Expanding
315,2024-11-10,2021-01-01,2024-11-09,1409,1,Expanding
316,2024-11-11,2021-01-01,2024-11-10,1410,1,Expanding
317,2024-11-12,2021-01-01,2024-11-11,1411,1,Expanding
318,2024-11-13,2021-01-01,2024-11-12,1412,1,Expanding
319,2024-11-14,2021-01-01,2024-11-13,1413,1,Expanding
320,2024-11-15,2021-01-01,2024-11-14,1414,1,Expanding
321,2024-11-16,2021-01-01,2024-11-15,1415,1,Expanding
322,2024-11-17,2021-01-01,2024-11-16,1416,1,Expanding
323,2024-11-18,2021-01-01,2024-11-17,1417,1,Expanding
324,2024-11-19,2021-01-01,2024-11-18,1418,1,Expanding
325,2024-11-20,2021-01-01,2024-11-19,1419,1,Expanding
326,2024-11-21,2021-01-01,2024-11-20,1420,1,Expanding
327,2024-11-22,2021-01-01,2024-11-21,1421,1,Expanding
328,2024-11-23,2021-01-01,2024-11-22,1422,1,Expanding
329,2024-11-24,2021-01-01,2024-11-23,1423,1,Expanding
330,2024-11-25,2021-01-01,2024-11-24,1424,1,Expanding
331,2024-11-26,2021-01-01,2024-11-25,1425,1,Expanding
332,2024-11-27,2021-01-01,2024-11-26,1426,1,Expanding
333,2024-11-28,2021-01-01,2024-11-27,1427,1,Expanding
334,2024-11-29,2021-01-01,2024-11-28,1428,1,Expanding
335,2024-11-30,2021-01-01,2024-11-29,1429,1,Expanding
336,2024-12-01,2021-01-01,2024-11-30,1430,1,Expanding
337,2024-12-02,2021-01-01,2024-12-01,1431,1,Expanding
338,2024-12-03,2021-01-01,2024-12-02,1432,1,Expanding
339,2024-12-04,2021-01-01,2024-12-03,1433,1,Expanding
340,2024-12-05,2021-01-01,2024-12-04,1434,1,Expanding
341,2024-12-06,2021-01-01,2024-12-05,1435,1,Expanding
342,2024-12-07,2021-01-01,2024-12-06,1436,1,Expanding
343,2024-12-08,2021-01-01,2024-12-07,1437,1,Expanding
344,2024-12-09,2021-01-01,2024-12-08,1438,1,Expanding
345,2024-12-10,2021-01-01,2024-12-09,1439,1,Expanding
346,2024-12-11,2021-01-01,2024-12-10,1440,1,Expanding
347,2024-12-12,2021-01-01,2024-12-11,1441,1,Expanding
348,2024-12-13,2021-01-01,2024-12-12,1442,1,Expanding
349,2024-12-14,2021-01-01,2024-12-13,1443,1,Expanding
350,2024-12-15,2021-01-01,2024-12-14,1444,1,Expanding
351,2024-12-16,2021-01-01,2024-12-15,1445,1,Expanding
352,2024-12-17,2021-01-01,2024-12-16,1446,1,Expanding
353,2024-12-18,2021-01-01,2024-12-17,1447,1,Expanding
354,2024-12-19,2021-01-01,2024-12-18,1448,1,Expanding
355,2024-12-20,2021-01-01,2024-12-19,1449,1,Expanding
356,2024-12-21,2021-01-01,2024-12-20,1450,1,Expanding
357,2024-12-22,2021-01-01,2024-12-21,1451,1,Expanding
358,2024-12-23,2021-01-01,2024-12-22,1452,1,Expanding
359,2024-12-24,2021-01-01,2024-12-23,1453,1,Expanding
360,2024-12-25,2021-01-01,2024-12-24,1454,1,Expanding
361,2024-12-26,2021-01-01,2024-12-25,1455,1,Expanding
362,2024-12-27,2021-01-01,2024-12-26,1456,1,Expanding
363,2024-12-28,2021-01-01,2024-12-27,1457,1,Expanding
364,2024-12-29,2021-01-01,2024-12-28,1458,1,Expanding
365,2024-12-30,2021-01-01,2024-12-29,1459,1,Expanding
366,2024-12-31,2021-01-01,2024-12-30,1460,1,Expanding
367,2025-01-01,2021-01-01,2024-12-31,1461,1,Expanding
368,2025-01-02,2021-01-01,2025-01-01,1462,1,Expanding
369,2025-01-03,2021-01-01,2025-01-02,1463,1,Expanding
370,2025-01-04,2021-01-01,2025-01-03,1464,1,Expanding
371,2025-01-05,2021-01-01,2025-01-04,1465,1,Expanding
372,2025-01-06,2021-01-01,2025-01-05,1466,1,Expanding
373,2025-01-07,2021-01-01,2025-01-06,1467,1,Expanding
374,2025-01-08,2021-01-01,2025-01-07,1468,1,Expanding
375,2025-01-09,2021-01-01,2025-01-08,1469,1,Expanding
376,2025-01-10,2021-01-01,2025-01-09,1470,1,Expanding
377,2025-01-11,2021-01-01,2025-01-10,1471,1,Expanding
378,2025-01-12,2021-01-01,2025-01-11,1472,1,Expanding
379,2025-01-13,2021-01-01,2025-01-12,1473,1,Expanding
380,2025-01-14,2021-01-01,2025-01-13,1474,1,Expanding
381,2025-01-15,2021-01-01,2025-01-14,1475,1,Expanding
382,2025-01-16,2021-01-01,2025-01-15,1476,1,Expanding
383,2025-01-17,2021-01-01,2025-01-16,1477,1,Expanding
384,2025-01-18,2021-01-01,2025-01-17,1478,1,Expanding
385,2025-01-19,2021-01-01,2025-01-18,1479,1,Expanding
386,2025-01-20,2021-01-01,2025-01-19,1480,1,Expanding
387,2025-01-21,2021-01-01,2025-01-20,1481,1,Expanding
388,2025-01-22,2021-01-01,2025-01-21,1482,1,Expanding
389,2025-01-23,2021-01-01,2025-01-22,1483,1,Expanding
390,2025-01-24,2021-01-01,2025-01-23,1484,1,Expanding
391,2025-01-25,2021-01-01,2025-01-24,1485,1,Expanding
392,2025-01-26,2021-01-01,2025-01-25,1486,1,Expanding
393,2025-01-27,2021-01-01,2025-01-26,1487,1,Expanding
394,2025-01-28,2021-01-01,2025-01-27,1488,1,Expanding
395,2025-01-29,2021-01-01,2025-01-28,1489,1,Expanding
396,2025-01-30,2021-01-01,2025-01-29,1490,1,Expanding
397,2025-01-31,2021-01-01,2025-01-30,1491,1,Expanding
398,2025-02-01,2021-01-01,2025-01-31,1492,1,Expanding
399,2025-02-02,2021-01-01,2025-02-01,1493,1,Expanding
400,2025-02-03,2021-01-01,2025-02-02,1494,1,Expanding
401,2025-02-04,2021-01-01,2025-02-03,1495,1,Expanding
402,2025-02-05,2021-01-01,2025-02-04,1496,1,Expanding
403,2025-02-06,2021-01-01,2025-02-05,1497,1,Expanding
404,2025-02-07,2021-01-01,2025-02-06,1498,1,Expanding
405,2025-02-08,2021-01-01,2025-02-07,1499,1,Expanding
406,2025-02-09,2021-01-01,2025-02-08,1500,1,Expanding
407,2025-02-10,2021-01-01,2025-02-09,1501,1,Expanding
408,2025-02-11,2021-01-01,2025-02-10,1502,1,Expanding
409,2025-02-12,2021-01-01,2025-02-11,1503,1,Expanding
410,2025-02-13,2021-01-01,2025-02-12,1504,1,Expanding
411,2025-02-14,2021-01-01,2025-02-13,1505,1,Expanding
412,2025-02-15,2021-01-01,2025-02-14,1506,1,Expanding
413,2025-02-16,2021-01-01,2025-02-15,1507,1,Expanding
414,2025-02-17,2021-01-01,2025-02-16,1508,1,Expanding
415,2025-02-18,2021-01-01,2025-02-17,1509,1,Expanding
416,2025-02-19,2021-01-01,2025-02-18,1510,1,Expanding
417,2025-02-20,2021-01-01,2025-02-19,1511,1,Expanding
418,2025-02-21,2021-01-01,2025-02-20,1512,1,Expanding
419,2025-02-22,2021-01-01,2025-02-21,1513,1,Expanding
420,2025-02-23,2021-01-01,2025-02-22,1514,1,Expanding
421,2025-02-24,2021-01-01,2025-02-23,1515,1,Expanding
422,2025-02-25,2021-01-01,2025-02-24,1516,1,Expanding
423,2025-02-26,2021-01-01,2025-02-25,1517,1,Expanding
424,2025-02-27,2021-01-01,2025-02-26,1518,1,Expanding
425,2025-02-28,2021-01-01,2025-02-27,1519,1,Expanding
426,2025-03-01,2021-01-01,2025-02-28,1520,1,Expanding
427,2025-03-02,2021-01-01,2025-03-01,1521,1,Expanding
428,2025-03-03,2021-01-01,2025-03-02,1522,1,Expanding
429,2025-03-04,2021-01-01,2025-03-03,1523,1,Expanding
430,2025-03-05,2021-01-01,2025-03-04,1524,1,Expanding
431,2025-03-06,2021-01-01,2025-03-05,1525,1,Expanding
432,2025-03-07,2021-01-01,2025-03-06,1526,1,Expanding
433,2025-03-08,2021-01-01,2025-03-07,1527,1,Expanding
434,2025-03-09,2021-01-01,2025-03-08,1528,1,Expanding
435,2025-03-10,2021-01-01,2025-03-09,1529,1,Expanding
436,2025-03-11,2021-01-01,2025-03-10,1530,1,Expanding
437,2025-03-12,2021-01-01,2025-03-11,1531,1,Expanding
438,2025-03-13,2021-01-01,2025-03-12,1532,1,Expanding
439,2025-03-14,2021-01-01,2025-03-13,1533,1,Expanding
440,2025-03-15,2021-01-01,2025-03-14,1534,1,Expanding
441,2025-03-16,2021-01-01,2025-03-15,1535,1,Expanding
442,2025-03-17,2021-01-01,2025-03-16,1536,1,Expanding
443,2025-03-18,2021-01-01,2025-03-17,1537,1,Expanding
444,2025-03-19,2021-01-01,2025-03-18,1538,1,Expanding
445,2025-03-20,2021-01-01,2025-03-19,1539,1,Expanding
446,2025-03-21,2021-01-01,2025-03-20,1540,1,Expanding
447,2025-03-22,2021-01-01,2025-03-21,1541,1,Expanding
448,2025-03-23,2021-01-01,2025-03-22,1542,1,Expanding
449,2025-03-24,2021-01-01,2025-03-23,1543,1,Expanding
450,2025-03-25,2021-01-01,2025-03-24,1544,1,Expanding
451,2025-03-26,2021-01-01,2025-03-25,1545,1,Expanding
452,2025-03-27,2021-01-01,2025-03-26,1546,1,Expanding
453,2025-03-28,2021-01-01,2025-03-27,1547,1,Expanding
454,2025-03-29,2021-01-01,2025-03-28,1548,1,Expanding
455,2025-03-30,2021-01-01,2025-03-29,1549,1,Expanding
456,2025-03-31,2021-01-01,2025-03-30,1550,1,Expanding
457,2025-04-01,2021-01-01,2025-03-31,1551,1,Expanding
458,2025-04-02,2021-01-01,2025-04-01,1552,1,Expanding
459,2025-04-03,2021-01-01,2025-04-02,1553,1,Expanding
460,2025-04-04,2021-01-01,2025-04-03,1554,1,Expanding
461,2025-04-05,2021-01-01,2025-04-04,1555,1,Expanding
462,2025-04-06,2021-01-01,2025-04-05,1556,1,Expanding
463,2025-04-07,2021-01-01,2025-04-06,1557,1,Expanding
464,2025-04-08,2021-01-01,2025-04-07,1558,1,Expanding
465,2025-04-09,2021-01-01,2025-04-08,1559,1,Expanding
466,2025-04-10,2021-01-01,2025-04-09,1560,1,Expanding
467,2025-04-11,2021-01-01,2025-04-10,1561,1,Expanding
468,2025-04-12,2021-01-01,2025-04-11,1562,1,Expanding
469,2025-04-13,2021-01-01,2025-04-12,1563,1,Expanding
470,2025-04-14,2021-01-01,2025-04-13,1564,1,Expanding
471,2025-04-15,2021-01-01,2025-04-14,1565,1,Expanding
472,2025-04-16,2021-01-01,2025-04-15,1566,1,Expanding
473,2025-04-17,2021-01-01,2025-04-16,1567,1,Expanding
474,2025-04-18,2021-01-01,2025-04-17,1568,1,Expanding
475,2025-04-19,2021-01-01,2025-04-18,1569,1,Expanding
476,2025-04-20,2021-01-01,2025-04-19,1570,1,Expanding
477,2025-04-21,2021-01-01,2025-04-20,1571,1,Expanding
478,2025-04-22,2021-01-01,2025-04-21,1572,1,Expanding
479,2025-04-23,2021-01-01,2025-04-22,1573,1,Expanding
480,2025-04-24,2021-01-01,2025-04-23,1574,1,Expanding
481,2025-04-25,2021-01-01,2025-04-24,1575,1,Expanding
482,2025-04-26,2021-01-01,2025-04-25,1576,1,Expanding
483,2025-04-27,2021-01-01,2025-04-26,1577,1,Expanding
484,2025-04-28,2021-01-01,2025-04-27,1578,1,Expanding
485,2025-04-29,2021-01-01,2025-04-28,1579,1,Expanding
486,2025-04-30,2021-01-01,2025-04-29,1580,1,Expanding
487,2025-05-01,2021-01-01,2025-04-30,1581,1,Expanding
488,2025-05-02,2021-01-01,2025-05-01,1582,1,Expanding
489,2025-05-03,2021-01-01,2025-05-02,1583,1,Expanding
490,2025-05-04,2021-01-01,2025-05-03,1584,1,Expanding
491,2025-05-05,2021-01-01,2025-05-04,1585,1,Expanding
492,2025-05-06,2021-01-01,2025-05-05,1586,1,Expanding
493,2025-05-07,2021-01-01,2025-05-06,1587,1,Expanding
494,2025-05-08,2021-01-01,2025-05-07,1588,1,Expanding
495,2025-05-09,2021-01-01,2025-05-08,1589,1,Expanding
496,2025-05-10,2021-01-01,2025-05-09,1590,1,Expanding
497,2025-05-11,2021-01-01,2025-05-10,1591,1,Expanding
498,2025-05-12,2021-01-01,2025-05-11,1592,1,Expanding
499,2025-05-13,2021-01-01,2025-05-12,1593,1,Expanding
500,2025-05-14,2021-01-01,2025-05-13,1594,1,Expanding
501,2025-05-15,2021-01-01,2025-05-14,1595,1,Expanding
502,2025-05-16,2021-01-01,2025-05-15,1596,1,Expanding
503,2025-05-17,2021-01-01,2025-05-16,1597,1,Expanding
504,2025-05-18,2021-01-01,2025-05-17,1598,1,Expanding
505,2025-05-19,2021-01-01,2025-05-18,1599,1,Expanding
506,2025-05-20,2021-01-01,2025-05-19,1600,1,Expanding
507,2025-05-21,2021-01-01,2025-05-20,1601,1,Expanding
508,2025-05-22,2021-01-01,2025-05-21,1602,1,Expanding
509,2025-05-23,2021-01-01,2025-05-22,1603,1,Expanding
510,2025-05-24,2021-01-01,2025-05-23,1604,1,Expanding
511,2025-05-25,2021-01-01,2025-05-24,1605,1,Expanding
512,2025-05-26,2021-01-01,2025-05-25,1606,1,Expanding
513,2025-05-27,2021-01-01,2025-05-26,1607,1,Expanding
514,2025-05-28,2021-01-01,2025-05-27,1608,1,Expanding
515,2025-05-29,2021-01-01,2025-05-28,1609,1,Expanding
516,2025-05-30,2021-01-01,2025-05-29,1610,1,Expanding
517,2025-05-31,2021-01-01,2025-05-30,1611,1,Expanding
518,2025-06-01,2021-01-01,2025-05-31,1612,1,Expanding
519,2025-06-02,2021-01-01,2025-06-01,1613,1,Expanding
520,2025-06-03,2021-01-01,2025-06-02,1614,1,Expanding
521,2025-06-04,2021-01-01,2025-06-03,1615,1,Expanding
522,2025-06-05,2021-01-01,2025-06-04,1616,1,Expanding
523,2025-06-06,2021-01-01,2025-06-05,1617,1,Expanding
524,2025-06-07,2021-01-01,2025-06-06,1618,1,Expanding
525,2025-06-08,2021-01-01,2025-06-07,1619,1,Expanding
526,2025-06-09,2021-01-01,2025-06-08,1620,1,Expanding
527,2025-06-10,2021-01-01,2025-06-09,1621,1,Expanding
528,2025-06-11,2021-01-01,2025-06-10,1622,1,Expanding
529,2025-06-12,2021-01-01,2025-06-11,1623,1,Expanding
530,2025-06-13,2021-01-01,2025-06-12,1624,1,Expanding
531,2025-06-14,2021-01-01,2025-06-13,1625,1,Expanding
532,2025-06-15,2021-01-01,2025-06-14,1626,1,Expanding
533,2025-06-16,2021-01-01,2025-06-15,1627,1,Expanding
534,2025-06-17,2021-01-01,2025-06-16,1628,1,Expanding
535,2025-06-18,2021-01-01,2025-06-17,1629,1,Expanding
536,2025-06-19,2021-01-01,2025-06-18,1630,1,Expanding
537,2025-06-20,2021-01-01,2025-06-19,1631,1,Expanding
538,2025-06-21,2021-01-01,2025-06-20,1632,1,Expanding
539,2025-06-22,2021-01-01,2025-06-21,1633,1,Expanding
540,2025-06-23,2021-01-01,2025-06-22,1634,1,Expanding
541,2025-06-24,2021-01-01,2025-06-23,1635,1,Expanding
542,2025-06-25,2021-01-01,2025-06-24,1636,1,Expanding
543,2025-06-26,2021-01-01,2025-06-25,1637,1,Expanding
544,2025-06-27,2021-01-01,2025-06-26,1638,1,Expanding
545,2025-06-28,2021-01-01,2025-06-27,1639,1,Expanding
546,2025-06-29,2021-01-01,2025-06-28,1640,1,Expanding
547,2025-06-30,2021-01-01,2025-06-29,1641,1,Expanding
548,2025-07-01,2021-01-01,2025-06-30,1642,1,Expanding
549,2025-07-02,2021-01-01,2025-07-01,1643,1,Expanding
550,2025-07-03,2021-01-01,2025-07-02,1644,1,Expanding
551,2025-07-04,2021-01-01,2025-07-03,1645,1,Expanding
552,2025-07-05,2021-01-01,2025-07-04,1646,1,Expanding
553,2025-07-06,2021-01-01,2025-07-05,1647,1,Expanding
554,2025-07-07,2021-01-01,2025-07-06,1648,1,Expanding
555,2025-07-08,2021-01-01,2025-07-07,1649,1,Expanding
556,2025-07-09,2021-01-01,2025-07-08,1650,1,Expanding
557,2025-07-10,2021-01-01,2025-07-09,1651,1,Expanding
558,2025-07-11,2021-01-01,2025-07-10,1652,1,Expanding
559,2025-07-12,2021-01-01,2025-07-11,1653,1,Expanding
560,2025-07-13,2021-01-01,2025-07-12,1654,1,Expanding
561,2025-07-14,2021-01-01,2025-07-13,1655,1,Expanding
562,2025-07-15,2021-01-01,2025-07-14,1656,1,Expanding
563,2025-07-16,2021-01-01,2025-07-15,1657,1,Expanding
564,2025-07-17,2021-01-01,2025-07-16,1658,1,Expanding
565,2025-07-18,2021-01-01,2025-07-17,1659,1,Expanding
566,2025-07-19,2021-01-01,2025-07-18,1660,1,Expanding
567,2025-07-20,2021-01-01,2025-07-19,1661,1,Expanding
568,2025-07-21,2021-01-01,2025-07-20,1662,1,Expanding
569,2025-07-22,2021-01-01,2025-07-21,1663,1,Expanding
570,2025-07-23,2021-01-01,2025-07-22,1664,1,Expanding
571,2025-07-24,2021-01-01,2025-07-23,1665,1,Expanding
572,2025-07-25,2021-01-01,2025-07-24,1666,1,Expanding
573,2025-07-26,2021-01-01,2025-07-25,1667,1,Expanding
574,2025-07-27,2021-01-01,2025-07-26,1668,1,Expanding
575,2025-07-28,2021-01-01,2025-07-27,1669,1,Expanding
576,2025-07-29,2021-01-01,2025-07-28,1670,1,Expanding
577,2025-07-30,2021-01-01,2025-07-29,1671,1,Expanding
578,2025-07-31,2021-01-01,2025-07-30,1672,1,Expanding
579,2025-08-01,2021-01-01,2025-07-31,1673,1,Expanding
580,2025-08-02,2021-01-01,2025-08-01,1674,1,Expanding
581,2025-08-03,2021-01-01,2025-08-02,1675,1,Expanding
582,2025-08-04,2021-01-01,2025-08-03,1676,1,Expanding
583,2025-08-05,2021-01-01,2025-08-04,1677,1,Expanding
584,2025-08-06,2021-01-01,2025-08-05,1678,1,Expanding
585,2025-08-07,2021-01-01,2025-08-06,1679,1,Expanding
586,2025-08-08,2021-01-01,2025-08-07,1680,1,Expanding
587,2025-08-09,2021-01-01,2025-08-08,1681,1,Expanding
588,2025-08-10,2021-01-01,2025-08-09,1682,1,Expanding
589,2025-08-11,2021-01-01,2025-08-10,1683,1,Expanding
590,2025-08-12,2021-01-01,2025-08-11,1684,1,Expanding
591,2025-08-13,2021-01-01,2025-08-12,1685,1,Expanding
592,2025-08-14,2021-01-01,2025-08-13,1686,1,Expanding
593,2025-08-15,2021-01-01,2025-08-14,1687,1,Expanding
594,2025-08-16,2021-01-01,2025-08-15,1688,1,Expanding
595,2025-08-17,2021-01-01,2025-08-16,1689,1,Expanding
596,2025-08-18,2021-01-01,2025-08-17,1690,1,Expanding
597,2025-08-19,2021-01-01,2025-08-18,1691,1,Expanding
598,2025-08-20,2021-01-01,2025-08-19,1692,1,Expanding
599,2025-08-21,2021-01-01,2025-08-20,1693,1,Expanding
600,2025-08-22,2021-01-01,2025-08-21,1694,1,Expanding
601,2025-08-23,2021-01-01,2025-08-22,1695,1,Expanding
602,2025-08-24,2021-01-01,2025-08-23,1696,1,Expanding
603,2025-08-25,2021-01-01,2025-08-24,1697,1,Expanding
604,2025-08-26,2021-01-01,2025-08-25,1698,1,Expanding
605,2025-08-27,2021-01-01,2025-08-26,1699,1,Expanding
606,2025-08-28,2021-01-01,2025-08-27,1700,1,Expanding
607,2025-08-29,2021-01-01,2025-08-28,1701,1,Expanding
608,2025-08-30,2021-01-01,2025-08-29,1702,1,Expanding
609,2025-08-31,2021-01-01,2025-08-30,1703,1,Expanding
610,2025-09-01,2021-01-01,2025-08-31,1704,1,Expanding
611,2025-09-02,2021-01-01,2025-09-01,1705,1,Expanding
612,2025-09-03,2021-01-01,2025-09-02,1706,1,Expanding
613,2025-09-04,2021-01-01,2025-09-03,1707,1,Expanding
614,2025-09-05,2021-01-01,2025-09-04,1708,1,Expanding
615,2025-09-06,2021-01-01,2025-09-05,1709,1,Expanding
616,2025-09-07,2021-01-01,2025-09-06,1710,1,Expanding
617,2025-09-08,2021-01-01,2025-09-07,1711,1,Expanding
618,2025-09-09,2021-01-01,2025-09-08,1712,1,Expanding
619,2025-09-10,2021-01-01,2025-09-09,1713,1,Expanding
620,2025-09-11,2021-01-01,2025-09-10,1714,1,Expanding
621,2025-09-12,2021-01-01,2025-09-11,1715,1,Expanding
622,2025-09-13,2021-01-01,2025-09-12,1716,1,Expanding
623,2025-09-14,2021-01-01,2025-09-13,1717,1,Expanding
624,2025-09-15,2021-01-01,2025-09-14,1718,1,Expanding
625,2025-09-16,2021-01-01,2025-09-15,1719,1,Expanding
626,2025-09-17,2021-01-01,2025-09-16,1720,1,Expanding
627,2025-09-18,2021-01-01,2025-09-17,1721,1,Expanding
628,2025-09-19,2021-01-01,2025-09-18,1722,1,Expanding
629,2025-09-20,2021-01-01,2025-09-19,1723,1,Expanding
630,2025-09-21,2021-01-01,2025-09-20,1724,1,Expanding
631,2025-09-22,2021-01-01,2025-09-21,1725,1,Expanding
632,2025-09-23,2021-01-01,2025-09-22,1726,1,Expanding
633,2025-09-24,2021-01-01,2025-09-23,1727,1,Expanding
634,2025-09-25,2021-01-01,2025-09-24,1728,1,Expanding
635,2025-09-26,2021-01-01,2025-09-25,1729,1,Expanding
636,2025-09-27,2021-01-01,2025-09-26,1730,1,Expanding
637,2025-09-28,2021-01-01,2025-09-27,1731,1,Expanding
638,2025-09-29,2021-01-01,2025-09-28,1732,1,Expanding
639,2025-09-30,2021-01-01,2025-09-29,1733,1,Expanding
640,2025-10-01,2021-01-01,2025-09-30,1734,1,Expanding
641,2025-10-02,2021-01-01,2025-10-01,1735,1,Expanding
642,2025-10-03,2021-01-01,2025-10-02,1736,1,Expanding
643,2025-10-04,2021-01-01,2025-10-03,1737,1,Expanding
644,2025-10-05,2021-01-01,2025-10-04,1738,1,Expanding
645,2025-10-06,2021-01-01,2025-10-05,1739,1,Expanding
646,2025-10-07,2021-01-01,2025-10-06,1740,1,Expanding
647,2025-10-08,2021-01-01,2025-10-07,1741,1,Expanding
648,2025-10-09,2021-01-01,2025-10-08,1742,1,Expanding
649,2025-10-10,2021-01-01,2025-10-09,1743,1,Expanding
650,2025-10-11,2021-01-01,2025-10-10,1744,1,Expanding
651,2025-10-12,2021-01-01,2025-10-11,1745,1,Expanding
652,2025-10-13,2021-01-01,2025-10-12,1746,1,Expanding
653,2025-10-14,2021-01-01,2025-10-13,1747,1,Expanding
654,2025-10-15,2021-01-01,2025-10-14,1748,1,Expanding
655,2025-10-16,2021-01-01,2025-10-15,1749,1,Expanding
656,2025-10-17,2021-01-01,2025-10-16,1750,1,Expanding
657,2025-10-18,2021-01-01,2025-10-17,1751,1,Expanding
658,2025-10-19,2021-01-01,2025-10-18,1752,1,Expanding
659,2025-10-20,2021-01-01,2025-10-19,1753,1,Expanding
660,2025-10-21,2021-01-01,2025-10-20,1754,1,Expanding
661,2025-10-22,2021-01-01,2025-10-21,1755,1,Expanding
662,2025-10-23,2021-01-01,2025-10-22,1756,1,Expanding
663,2025-10-24,2021-01-01,2025-10-23,1757,1,Expanding
664,2025-10-25,2021-01-01,2025-10-24,1758,1,Expanding
665,2025-10-26,2021-01-01,2025-10-25,1759,1,Expanding
666,2025-10-27,2021-01-01,2025-10-26,1760,1,Expanding
667,2025-10-28,2021-01-01,2025-10-27,1761,1,Expanding
668,2025-10-29,2021-01-01,2025-10-28,1762,1,Expanding
669,2025-10-30,2021-01-01,2025-10-29,1763,1,Expanding
670,2025-10-31,2021-01-01,2025-10-30,1764,1,Expanding
671,2025-11-01,2021-01-01,2025-10-31,1765,1,Expanding
672,2025-11-02,2021-01-01,2025-11-01,1766,1,Expanding
673,2025-11-03,2021-01-01,2025-11-02,1767,1,Expanding
674,2025-11-04,2021-01-01,2025-11-03,1768,1,Expanding
675,2025-11-05,2021-01-01,2025-11-04,1769,1,Expanding
676,2025-11-06,2021-01-01,2025-11-05,1770,1,Expanding
677,2025-11-07,2021-01-01,2025-11-06,1771,1,Expanding
678,2025-11-08,2021-01-01,2025-11-07,1772,1,Expanding
679,2025-11-09,2021-01-01,2025-11-08,1773,1,Expanding
680,2025-11-10,2021-01-01,2025-11-09,1774,1,Expanding
681,2025-11-11,2021-01-01,2025-11-10,1775,1,Expanding
682,2025-11-12,2021-01-01,2025-11-11,1776,1,Expanding
683,2025-11-13,2021-01-01,2025-11-12,1777,1,Expanding
684,2025-11-14,2021-01-01,2025-11-13,1778,1,Expanding
685,2025-11-15,2021-01-01,2025-11-14,1779,1,Expanding
686,2025-11-16,2021-01-01,2025-11-15,1780,1,Expanding
687,2025-11-17,2021-01-01,2025-11-16,1781,1,Expanding
688,2025-11-18,2021-01-01,2025-11-17,1782,1,Expanding
689,2025-11-19,2021-01-01,2025-11-18,1783,1,Expanding
690,2025-11-20,2021-01-01,2025-11-19,1784,1,Expanding
691,2025-11-21,2021-01-01,2025-11-20,1785,1,Expanding
692,2025-11-22,2021-01-01,2025-11-21,1786,1,Expanding
693,2025-11-23,2021-01-01,2025-11-22,1787,1,Expanding
694,2025-11-24,2021-01-01,2025-11-23,1788,1,Expanding
695,2025-11-25,2021-01-01,2025-11-24,1789,1,Expanding
696,2025-11-26,2021-01-01,2025-11-25,1790,1,Expanding
697,2025-11-27,2021-01-01,2025-11-26,1791,1,Expanding
698,2025-11-28,2021-01-01,2025-11-27,1792,1,Expanding
699,2025-11-29,2021-01-01,2025-11-28,1793,1,Expanding
700,2025-11-30,2021-01-01,2025-11-29,1794,1,Expanding
701,2025-12-01,2021-01-01,2025-11-30,1795,1,Expanding
702,2025-12-02,2021-01-01,2025-12-01,1796,1,Expanding
703,2025-12-03,2021-01-01,2025-12-02,1797,1,Expanding
704,2025-12-04,2021-01-01,2025-12-03,1798,1,Expanding
705,2025-12-05,2021-01-01,2025-12-04,1799,1,Expanding
706,2025-12-06,2021-01-01,2025-12-05,1800,1,Expanding
707,2025-12-07,2021-01-01,2025-12-06,1801,1,Expanding
708,2025-12-08,2021-01-01,2025-12-07,1802,1,Expanding
709,2025-12-09,2021-01-01,2025-12-08,1803,1,Expanding
710,2025-12-10,2021-01-01,2025-12-09,1804,1,Expanding
711,2025-12-11,2021-01-01,2025-12-10,1805,1,Expanding
712,2025-12-12,2021-01-01,2025-12-11,1806,1,Expanding
713,2025-12-13,2021-01-01,2025-12-12,1807,1,Expanding
714,2025-12-14,2021-01-01,2025-12-13,1808,1,Expanding
715,2025-12-15,2021-01-01,2025-12-14,1809,1,Expanding
716,2025-12-16,2021-01-01,2025-12-15,1810,1,Expanding
717,2025-12-17,2021-01-01,2025-12-16,1811,1,Expanding
718,2025-12-18,2021-01-01,2025-12-17,1812,1,Expanding
719,2025-12-19,2021-01-01,2025-12-18,1813,1,Expanding
720,2025-12-20,2021-01-01,2025-12-19,1814,1,Expanding
721,2025-12-21,2021-01-01,2025-12-20,1815,1,Expanding
722,2025-12-22,2021-01-01,2025-12-21,1816,1,Expanding
723,2025-12-23,2021-01-01,2025-12-22,1817,1,Expanding
724,2025-12-24,2021-01-01,2025-12-23,1818,1,Expanding
725,2025-12-25,2021-01-01,2025-12-24,1819,1,Expanding
726,2025-12-26,2021-01-01,2025-12-25,1820,1,Expanding
727,2025-12-27,2021-01-01,2025-12-26,1821,1,Expanding
728,2025-12-28,2021-01-01,2025-12-27,1822,1,Expanding
729,2025-12-29,2021-01-01,2025-12-28,1823,1,Expanding
730,2025-12-30,2021-01-01,2025-12-29,1824,1,Expanding
731,2025-12-31,2021-01-01,2025-12-30,1825,1,Expanding
