Date,Gold_Price,Gold_Return,Lagged_Gold_Return
2021-01-04,1944.699951171875,,
2021-01-05,1952.699951171875,0.0041053068384807835,
2021-01-06,1906.9000244140625,-0.02373410559741736,0.0041053068384807835
2021-01-07,1912.300048828125,0.002827831959051613,-0.02373410559741736
2021-01-08,1834.0999755859375,-0.04175284695685227,0.002827831959051613
2021-01-11,1849.5999755859375,0.008415501632621867,-0.04175284695685227
2021-01-12,1842.9000244140625,-0.003628955192789631,0.008415501632621867
2021-01-13,1853.5999755859375,0.005789249861382061,-0.003628955192789631
2021-01-14,1850.300048828125,-0.001781866470034287,0.005789249861382061
2021-01-15,1829.300048828125,-0.011414407787474065,-0.001781866470034287
2021-01-19,1839.5,0.005560388855331254,-0.011414407787474065
2021-01-20,1865.9000244140625,0.014249727942710165,0.005560388855331254
2021-01-21,1865.300048828125,-0.0003215992599331132,0.014249727942710165
2021-01-22,1855.699951171875,-0.0051599671898233754,-0.0003215992599331132
2021-01-25,1854.9000244140625,-0.00043115764322087933,-0.0051599671898233754
2021-01-26,1850.699951171875,-0.002266879894457694,-0.00043115764322087933
2021-01-27,1844.9000244140625,-0.003138830803113128,-0.002266879894457694
2021-01-28,1837.9000244140625,-0.0038014599418898284,-0.003138830803113128
2021-01-29,1847.300048828125,0.005101511241647846,-0.0038014599418898284
2021-02-01,1860.800048828125,0.007281389008044573,0.005101511241647846
2021-02-02,1830.5,-0.01641737544450263,0.007281389008044573
2021-02-03,1832.199951171875,0.0009282503708198232,-0.01641737544450263
2021-02-04,1788.9000244140625,-0.023916484486413037,0.0009282503708198232
2021-02-05,1810.9000244140625,0.012223053284327792,-0.023916484486413037
2021-02-08,1831.9000244140625,0.011529720189568878,0.012223053284327792
2021-02-09,1835.300048828125,0.0018542895508146806,0.011529720189568878
2021-02-10,1840.5999755859375,0.0028836096711605716,0.0018542895508146806
2021-02-11,1824.9000244140625,-0.008566387767498658,0.0028836096711605716
2021-02-12,1821.5999755859375,-0.0018099820260786762,-0.008566387767498658
2021-02-16,1797.199951171875,-0.01348535131998669,-0.0018099820260786762
2021-02-17,1771.0999755859375,-0.014629062349107949,-0.01348535131998669
2021-02-18,1773.4000244140625,0.0012978130348198413,-0.014629062349107949
2021-02-19,1775.800048828125,0.0013524313819186311,0.0012978130348198413
2021-02-22,1806.699951171875,0.017250896659106188,0.0013524313819186311
2021-02-23,1804.4000244140625,-0.0012738096892075683,0.017250896659106188
2021-02-24,1796.4000244140625,-0.004443464260402694,-0.0012738096892075683
2021-02-25,1774.4000244140625,-0.012322324448977169,-0.004443464260402694
2021-02-26,1728.0999755859375,-0.02643982642289971,-0.012322324448977169
2021-03-01,1722.5,-0.0032458010444414774,-0.02643982642289971
2021-03-02,1733.0999755859375,0.006134974480583479,-0.0032458010444414774
2021-03-03,1715.300048828125,-0.01032367748638774,0.006134974480583479
2021-03-04,1700.199951171875,-0.008842158417799017,-0.01032367748638774
2021-03-05,1698.0,-0.0012947745929176705,-0.008842158417799017
2021-03-08,1677.699951171875,-0.012027309199143453,-0.0012947745929176705
2021-03-09,1716.5999755859375,0.022921797389633937,-0.012027309199143453
2021-03-10,1721.5,0.002850427716795303,0.022921797389633937
2021-03-11,1722.300048828125,0.00046463141365605257,0.002850427716795303
2021-03-12,1719.5,-0.0016270843199136934,0.00046463141365605257
2021-03-15,1728.9000244140625,0.005451831359562948,-0.0016270843199136934
2021-03-16,1730.5999755859375,0.000982772833472422,0.005451831359562948
2021-03-17,1726.800048828125,-0.0021981421073807767,0.000982772833472422
2021-03-18,1732.199951171875,0.003122235750465632,-0.0021981421073807767
2021-03-19,1741.4000244140625,0.0052971527058642155,0.003122235750465632
2021-03-22,1737.800048828125,-0.002069427911533476,0.0052971527058642155
2021-03-23,1724.699951171875,-0.007566879516500325,-0.002069427911533476
2021-03-24,1732.9000244140625,0.004743225748486408,-0.007566879516500325
2021-03-25,1724.9000244140625,-0.004627227810274516,0.004743225748486408
2021-03-26,1732.199951171875,0.004223156783957694,-0.004627227810274516
2021-03-29,1712.0999755859375,-0.011671575757386563,0.004223156783957694
2021-03-30,1683.9000244140625,-0.01660812683626846,-0.011671575757386563
2021-03-31,1713.800048828125,0.017600609611377438,-0.01660812683626846
2021-04-01,1726.5,0.0073830821038836664,0.017600609611377438
2021-04-05,1727.0,0.00028956131663167214,0.0073830821038836664
2021-04-06,1741.5,0.008361011659377205,0.00028956131663167214
2021-04-07,1740.0999755859375,-0.000804242014787378,0.008361011659377205
2021-04-08,1756.800048828125,0.009551431317729613,-0.000804242014787378
2021-04-09,1743.300048828125,-0.007714103350808669,0.009551431317729613
2021-04-12,1731.199951171875,-0.0069651153108131235,-0.007714103350808669
2021-04-13,1746.199951171875,0.008627188966826281,-0.0069651153108131235
2021-04-14,1734.9000244140625,-0.006492181509603616,0.008627188966826281
2021-04-15,1765.4000244140625,0.01742751851072938,-0.006492181509603616
2021-04-16,1779.0,0.007674101250506838,0.01742751851072938
2021-04-19,1769.4000244140625,-0.005410888818616735,0.007674101250506838
2021-04-20,1777.300048828125,0.004454866391931009,-0.005410888818616735
2021-04-21,1792.300048828125,0.00840435224167868,0.004454866391931009
2021-04-22,1781.199951171875,-0.006212471446331363,0.00840435224167868
2021-04-23,1777.0,-0.002360717879845413,-0.006212471446331363
2021-04-26,1779.199951171875,0.001237248457746213,-0.002360717879845413
2021-04-27,1778.0,-0.0006746605385477973,0.001237248457746213
2021-04-28,1773.199951171875,-0.00270334073967916,-0.0006746605385477973
2021-04-29,1768.0999755859375,-0.002880286458205009,-0.00270334073967916
2021-04-30,1767.300048828125,-0.00045252405155806857,-0.002880286458205009
2021-05-03,1791.4000244140625,0.013544464845169118,-0.00045252405155806857
2021-05-04,1775.800048828125,-0.00874639757494062,0.013544464845169118
2021-05-05,1784.0999755859375,0.004663019601775825,-0.00874639757494062
2021-05-06,1815.5,0.017446839157978355,0.004663019601775825
2021-05-07,1831.0999755859375,0.00855595396027406,0.017446839157978355
2021-05-10,1837.5,0.003489086272326999,0.00855595396027406
2021-05-11,1835.9000244140625,-0.0008711143226879709,0.003489086272326999
2021-05-12,1822.5999755859375,-0.007270798097461572,-0.0008711143226879709
2021-05-13,1823.800048828125,0.00065822360546342,-0.007270798097461572
2021-05-14,1837.9000244140625,0.00770136548279548,0.00065822360546342
2021-05-17,1867.5,0.01597700925187108,0.00770136548279548
2021-05-18,1867.800048828125,0.00016065581069687392,0.01597700925187108
2021-05-19,1881.300048828125,0.007201759353874979,0.00016065581069687392
2021-05-20,1881.800048828125,0.00026573834868414716,0.007201759353874979
2021-05-21,1876.699951171875,-0.0027139022410788334,0.00026573834868414716
2021-05-24,1884.5999755859375,0.004200694538999877,-0.0027139022410788334
2021-05-25,1898.0999755859375,0.007137789140429843,0.004200694538999877
2021-05-26,1901.300048828125,0.001684515438402536,0.007137789140429843
2021-05-27,1895.699951171875,-0.002949750706768753,0.001684515438402536
2021-05-28,1902.5,0.0035806730456278716,-0.002949750706768753
2021-06-01,1902.9000244140625,0.00021024040204428116,0.0035806730456278716
2021-06-02,1907.5,0.002414433020726898,0.00021024040204428116
2021-06-03,1871.199951171875,-0.019213573983194728,0.002414433020726898
2021-06-04,1889.800048828125,0.00989111901082882,-0.019213573983194728
2021-06-07,1896.800048828125,0.0036972523073180667,0.00989111901082882
2021-06-08,1892.199951171875,-0.002428134028169905,0.0036972523073180667
2021-06-09,1893.199951171875,0.0005283457753793965,-0.002428134028169905
2021-06-10,1894.199951171875,0.0005280667735240403,0.0005283457753793965
2021-06-11,1877.4000244140625,-0.008908706107218346,0.0005280667735240403
2021-06-14,1864.0,-0.007163137661542878,-0.008908706107218346
2021-06-15,1854.5,-0.005109598315890978,-0.007163137661542878
2021-06-16,1859.5,0.0026925164354793135,-0.005109598315890978
2021-06-17,1773.800048828125,-0.04718346889536021,0.0026925164354793135
2021-06-18,1767.9000244140625,-0.003331750148147224,-0.04718346889536021
2021-06-21,1781.800048828125,0.007831701368745038,-0.003331750148147224
2021-06-22,1776.300048828125,-0.00309153999585223,0.007831701368745038
2021-06-23,1782.300048828125,0.003372115731426366,-0.00309153999585223
2021-06-24,1775.5999755859375,-0.0037663122158099844,0.003372115731426366
2021-06-25,1776.5999755859375,0.0005630313834598243,-0.0037663122158099844
2021-06-28,1779.5999755859375,0.0016871946194519283,0.0005630313834598243
2021-06-29,1762.800048828125,-0.009485124546020829,0.0016871946194519283
2021-06-30,1770.800048828125,0.004527967765016482,-0.009485124546020829
2021-07-01,1775.9000244140625,0.0028759009759461445,0.004527967765016482
2021-07-02,1782.5999755859375,0.0037656085928761485,0.0028759009759461445
2021-07-06,1793.5,0.006096058971480818,0.0037656085928761485
2021-07-07,1801.5,0.0044506332158106765,0.006096058971480818
2021-07-08,1799.5999755859375,-0.001055246787513598,0.0044506332158106765
2021-07-09,1810.0,0.005762440859237031,-0.001055246787513598
2021-07-12,1805.5,-0.0024892835423589803,0.005762440859237031
2021-07-13,1809.4000244140625,0.0021577503670339305,-0.0024892835423589803
2021-07-14,1824.300048828125,0.008201066475030334,0.0021577503670339305
2021-07-15,1828.4000244140625,0.0022449022507048935,0.008201066475030334
2021-07-16,1814.5,-0.007631333157156481,0.0022449022507048935
2021-07-19,1808.699951171875,-0.003201619485910015,-0.007631333157156481
2021-07-20,1810.9000244140625,0.0012156445618103438,-0.003201619485910015
2021-07-21,1802.9000244140625,-0.0044274796393197775,0.0012156445618103438
2021-07-22,1805.0,0.0011640986772757504,-0.0044274796393197775
2021-07-23,1801.4000244140625,-0.00199643786451196,0.0011640986772757504
2021-07-26,1798.699951171875,-0.001499999314886413,-0.00199643786451196
2021-07-27,1799.5,0.0004446939315025321,-0.001499999314886413
2021-07-28,1799.5,0.0,0.0004446939315025321
2021-07-29,1831.199951171875,0.017462614454720644,0.0
2021-07-30,1812.5999755859375,-0.010209197822209233,0.017462614454720644
2021-08-02,1818.0999755859375,0.0030297211452917027,-0.010209197822209233
2021-08-03,1810.0999755859375,-0.004409907432068376,0.0030297211452917027
2021-08-04,1810.5,0.00022097134087597074,-0.004409907432068376
2021-08-05,1805.0999755859375,-0.0029870718363273446,0.00022097134087597074
2021-08-06,1760.0,-0.02530216933717106,-0.0029870718363273446
2021-08-09,1723.4000244140625,-0.021014711060311712,-0.02530216933717106
2021-08-10,1728.800048828125,0.0031284564647309984,-0.021014711060311712
2021-08-11,1750.4000244140625,0.012416792738750166,0.0031284564647309984
2021-08-12,1749.0,-0.0008001511567647293,0.012416792738750166
2021-08-13,1775.199951171875,0.014868869094078072,-0.0008001511567647293
2021-08-16,1786.9000244140625,0.006569223434738159,0.014868869094078072
2021-08-17,1785.0,-0.0010638733336789578,0.006569223434738159
2021-08-18,1781.5999755859375,-0.0019065919740294643,-0.0010638733336789578
2021-08-19,1780.199951171875,-0.0007861331433283399,-0.0019065919740294643
2021-08-20,1781.0,0.0004493141932800512,-0.0007861331433283399
2021-08-23,1803.199951171875,0.012387832917253414,0.0004493141932800512
2021-08-24,1805.5999755859375,0.0013300957751090471,0.012387832917253414
2021-08-25,1788.199951171875,-0.00968343298654714,0.0013300957751090471
2021-08-26,1792.199951171875,0.0022343882098449877,-0.00968343298654714
2021-08-27,1816.5999755859375,0.013522720423364637,0.0022343882098449877
2021-08-30,1809.0,-0.004192402233391229,0.013522720423364637
2021-08-31,1815.0,0.003311261303656005,-0.004192402233391229
2021-09-01,1813.0999755859375,-0.0010473937325582944,0.003311261303656005
2021-09-02,1808.699951171875,-0.0024297457991779466,-0.0010473937325582944
2021-09-03,1830.9000244140625,0.012199334385803619,-0.0024297457991779466
2021-09-07,1795.9000244140625,-0.019301359933995132,0.012199334385803619
2021-09-08,1790.699951171875,-0.002899725043928858,-0.019301359933995132
2021-09-09,1797.4000244140625,0.0037346122321662177,-0.002899725043928858
2021-09-10,1789.5999755859375,-0.00434907227353077,0.0037346122321662177
2021-09-13,1792.0,0.0013401970011455836,-0.00434907227353077
2021-09-14,1804.699951171875,0.007062031376286556,0.0013401970011455836
2021-09-15,1792.4000244140625,-0.0068388283782960125,0.007062031376286556
2021-09-16,1754.5999755859375,-0.021314620752901005,-0.0068388283782960125
2021-09-17,1749.4000244140625,-0.002968010838533277,-0.021314620752901005
2021-09-20,1761.800048828125,0.007063155449170932,-0.002968010838533277
2021-09-21,1776.0,0.008027603161512306,0.007063155449170932
2021-09-22,1776.699951171875,0.0003940390072630704,0.008027603161512306
2021-09-23,1747.699951171875,-0.01645707372556822,0.0003940390072630704
2021-09-24,1749.699951171875,0.0011437069101939464,-0.01645707372556822
2021-09-27,1750.0,0.00017147117355570008,0.0011437069101939464
2021-09-28,1735.800048828125,-0.008147357577374788,0.00017147117355570008
2021-09-29,1721.5,-0.008272426561606493,-0.008147357577374788
2021-09-30,1755.300048828125,0.01944380650125953,-0.008272426561606493
2021-10-01,1757.0,0.0009679989072590911,0.01944380650125953
2021-10-04,1766.199951171875,0.005222509201740211,0.0009679989072590911
2021-10-05,1759.5999755859375,-0.0037438217890526193,0.005222509201740211
2021-10-06,1760.5,0.0005113629953223071,-0.0037438217890526193
2021-10-07,1757.9000244140625,-0.001477930901064451,0.0005113629953223071
2021-10-08,1756.300048828125,-0.0009105774646536376,-0.001477930901064451
2021-10-11,1754.5999755859375,-0.000968454449423833,-0.0009105774646536376
2021-10-12,1758.300048828125,0.00210656414060376,-0.000968454449423833
2021-10-13,1793.699951171875,0.019933037412385866,0.00210656414060376
2021-10-14,1796.699951171875,0.0016711234290114187,0.019933037412385866
2021-10-15,1767.199951171875,-0.01655527628627928,0.0016711234290114187
2021-10-18,1764.800048828125,-0.001358948308654003,-0.01655527628627928
2021-10-19,1769.699951171875,0.0027726159189181846,-0.001358948308654003
2021-10-20,1784.0999755859375,0.008104059610460861,0.0027726159189181846
2021-10-21,1781.199951171875,-0.0016268056619152453,0.008104059610460861
2021-10-22,1795.5,0.00799626763164088,-0.0016268056619152453
2021-10-25,1806.0,0.005830920310793144,0.00799626763164088
2021-10-26,1792.699951171875,-0.0073916189533362806,0.005830920310793144
2021-10-27,1797.9000244140625,0.0028964946878651475,-0.0073916189533362806
2021-10-28,1801.5999755859375,0.0020558146825891866,0.0028964946878651475
2021-10-29,1783.0,-0.0103778065309083,0.0020558146825891866
2021-11-01,1795.0999755859375,0.006763378213492534,-0.0103778065309083
2021-11-02,1788.699951171875,-0.003571645375540873,0.006763378213492534
2021-11-03,1763.5999755859375,-0.014131911060620329,-0.003571645375540873
2021-11-04,1793.0,0.01653303396466099,-0.014131911060620329
2021-11-05,1816.4000244140625,0.012966339059569584,0.01653303396466099
2021-11-08,1827.4000244140625,0.006037671259816749,0.012966339059569584
2021-11-09,1830.199951171875,0.0015310188776383894,0.006037671259816749
2021-11-10,1847.5999755859375,0.009462262540359543,0.0015310188776383894
2021-11-11,1863.199951171875,0.00840792702102006,0.009462262540359543
2021-11-12,1867.9000244140625,0.0025194048720461265,0.00840792702102006
2021-11-15,1866.0999755859375,-0.0009641397790913792,0.0025194048720461265
2021-11-16,1853.5999755859375,-0.006720997509486058,-0.0009641397790913792
2021-11-17,1869.699951171875,0.008648283108735479,-0.006720997509486058
2021-11-18,1861.0,-0.004663986413490948,0.008648283108735479
2021-11-19,1851.199951171875,-0.005279926579310966,-0.004663986413490948
2021-11-22,1806.0,-0.02471959608600904,-0.005279926579310966
2021-11-23,1783.5,-0.012536729177984571,-0.02471959608600904
2021-11-24,1784.0999755859375,0.0003363468974658657,-0.012536729177984571
2021-11-26,1785.300048828125,0.0006724229725988722,0.0003363468974658657
2021-11-29,1782.300048828125,-0.00168180324307445,0.0006724229725988722
2021-11-30,1773.5999755859375,-0.0048933268890934195,-0.00168180324307445
2021-12-01,1781.5999755859375,0.00450045770286688,-0.0048933268890934195
2021-12-02,1760.699951171875,-0.011800393739534874,0.00450045770286688
2021-12-03,1782.0,0.012024899530579426,-0.011800393739534874
2021-12-06,1777.5,-0.0025284463533586377,0.012024899530579426
2021-12-07,1782.5999755859375,0.0028650763234604835,-0.0025284463533586377
2021-12-08,1783.4000244140625,0.0004487093895392277,0.0028650763234604835
2021-12-09,1774.5999755859375,-0.004946636746660119,0.0004487093895392277
2021-12-10,1782.9000244140625,0.004666234090444804,-0.004946636746660119
2021-12-13,1786.300048828125,0.001905203055442121,0.004666234090444804
2021-12-14,1770.4000244140625,-0.008940945262643642,0.001905203055442121
2021-12-15,1762.5999755859375,-0.00441554571258348,-0.008940945262643642
2021-12-16,1796.5999755859375,0.019105998391674383,-0.00441554571258348
2021-12-17,1803.800048828125,0.003999601595126616,0.019105998391674383
2021-12-20,1793.699951171875,-0.0056150794682417494,0.003999601595126616
2021-12-21,1787.9000244140625,-0.0032387379200195265,-0.0056150794682417494
2021-12-22,1801.5999755859375,0.007633384981113343,-0.0032387379200195265
2021-12-23,1811.199951171875,0.005314436655823481,0.007633384981113343
2021-12-27,1808.0999755859375,-0.001713025395370446,0.005314436655823481
2021-12-28,1810.199951171875,0.0011607527646842581,-0.001713025395370446
2021-12-29,1805.0999755859375,-0.0028213310498173137,0.0011607527646842581
2021-12-30,1812.699951171875,0.004201441162821637,-0.0028213310498173137
2021-12-31,1827.5,0.00813149309174338,0.004201441162821637
2022-01-03,1799.4000244140625,-0.015495623073024625,0.00813149309174338
2022-01-04,1814.0,0.00808106212417286,-0.015495623073024625
2022-01-05,1824.5999755859375,0.005826419855790741,0.00808106212417286
2022-01-06,1788.699951171875,-0.019871699829780518,0.005826419855790741
2022-01-07,1797.0,0.0046295360824668225,-0.019871699829780518
2022-01-10,1798.4000244140625,0.0007787864912479449,0.0046295360824668225
2022-01-11,1818.5999755859375,0.011169566592358682,0.0007787864912479449
2022-01-12,1827.199951171875,0.004717752871602087,0.011169566592358682
2022-01-13,1821.199951171875,-0.0032891160891035777,0.004717752871602087
2022-01-14,1816.5,-0.0025840249884074937,-0.0032891160891035777
2022-01-18,1812.300048828125,-0.002314788905823573,-0.0025840249884074937
2022-01-19,1843.0999755859375,0.016852139555948643,-0.002314788905823573
2022-01-20,1842.5,-0.00032557824789001627,0.016852139555948643
2022-01-21,1831.800048828125,-0.00582422843878814,-0.00032557824789001627
2022-01-24,1841.699951171875,0.005389914964327385,-0.00582422843878814
2022-01-25,1852.699951171875,0.005954976611818967,0.005389914964327385
2022-01-26,1829.9000244140625,-0.01238267432546163,0.005954976611818967
2022-01-27,1793.300048828125,-0.02020380869292505,-0.01238267432546163
2022-01-28,1784.9000244140625,-0.004695120268889005,-0.02020380869292505
2022-01-31,1795.0,0.005642617008805025,-0.004695120268889005
2022-02-01,1800.300048828125,0.002948322863412963,0.005642617008805025
2022-02-02,1809.199951171875,0.0049313868291021275,0.002948322863412963
2022-02-03,1803.0,-0.0034327874115770577,0.0049313868291021275
2022-02-04,1806.5999755859375,0.0019946679986083213,-0.0034327874115770577
2022-02-07,1820.5999755859375,0.007719491459363494,0.0019946679986083213
2022-02-08,1826.5999755859375,0.003290198230438897,0.007719491459363494
2022-02-09,1835.199951171875,0.004697138876945367,0.003290198230438897
2022-02-10,1836.199951171875,0.0005447513489833872,0.004697138876945367
2022-02-11,1840.800048828125,0.002502094128990784,0.0005447513489833872
2022-02-14,1868.0,0.014668053542140463,0.002502094128990784
2022-02-15,1854.800048828125,-0.007091439946204802,0.014668053542140463
2022-02-16,1870.199951171875,0.008268451050258554,-0.007091439946204802
2022-02-17,1900.699951171875,0.016176862774401283,0.008268451050258554
2022-02-18,1898.5999755859375,-0.0011054540785265011,0.016176862774401283
2022-02-22,1906.0999755859375,0.003942497337925904,-0.0011054540785265011
2022-02-23,1909.199951171875,0.0016250236299235957,0.003942497337925904
2022-02-24,1925.0999755859375,0.008293621186042542,0.0016250236299235957
2022-02-25,1886.5,-0.020254641338243038,0.008293621186042542
2022-02-28,1899.4000244140625,0.006814799258052393,-0.020254641338243038
2022-03-01,1942.4000244140625,0.022386274771780384,0.006814799258052393
2022-03-02,1920.9000244140625,-0.011130495531632012,0.022386274771780384
2022-03-03,1934.4000244140625,0.007003374578962224,-0.011130495531632012
2022-03-04,1965.0999755859375,0.015745908688366235,0.007003374578962224
2022-03-07,1993.9000244140625,0.014549409887335826,0.015745908688366235
2022-03-08,2040.0999755859375,0.022906282220362194,0.014549409887335826
2022-03-09,1985.9000244140625,-0.026926590113771603,0.022906282220362194
2022-03-10,1998.0999755859375,0.00612449262362708,-0.026926590113771603
2022-03-11,1982.699951171875,-0.007737189270018215,0.00612449262362708
2022-03-14,1959.5999755859375,-0.011719169211706966,-0.007737189270018215
2022-03-15,1928.5,-0.015997859657440227,-0.011719169211706966
2022-03-16,1908.0,-0.010686925640050688,-0.015997859657440227
2022-03-17,1942.0999755859375,0.017714276252213116,-0.010686925640050688
2022-03-18,1928.199951171875,-0.007182949353329487,0.017714276252213116
2022-03-21,1928.5999755859375,0.00020743851021229863,-0.007182949353329487
2022-03-22,1920.699951171875,-0.004104660928568712,0.00020743851021229863
2022-03-23,1936.5999755859375,0.008244168082008863,-0.004104660928568712
2022-03-24,1961.5999755859375,0.012826608725129677,0.008244168082008863
2022-03-25,1953.800048828125,-0.0039842350856929614,0.012826608725129677
2022-03-28,1939.5999755859375,-0.007294465566171339,-0.0039842350856929614
2022-03-29,1912.0,-0.014331939032686957,-0.007294465566171339
2022-03-30,1933.5,0.011182017436005276,-0.014331939032686957
2022-03-31,1949.199951171875,0.00808717487165785,0.011182017436005276
2022-04-01,1919.0999755859375,-0.015562693516428947,0.00808717487165785
2022-04-04,1929.199951171875,0.005249070482197901,-0.015562693516428947
2022-04-05,1922.9000244140625,-0.003270908031756635,0.005249070482197901
2022-04-06,1918.4000244140625,-0.0023429578535094993,-0.003270908031756635
2022-04-07,1933.800048828125,0.007995486299766241,-0.0023429578535094993
2022-04-08,1941.5999755859375,0.004025358538914993,0.007995486299766241
2022-04-11,1944.300048828125,0.0013896773770587837,0.004025358538914993
2022-04-12,1972.0999755859375,0.014196912221042413,0.0013896773770587837
2022-04-13,1981.0,0.004502815262256247,0.014196912221042413
2022-04-14,1970.9000244140625,-0.0051114641128363805,0.004502815262256247
2022-04-18,1982.9000244140625,0.006070128331346491,-0.0051114641128363805
2022-04-19,1955.699951171875,-0.013812271285541397,0.006070128331346491
2022-04-20,1952.300048828125,-0.001739970932198888,-0.013812271285541397
2022-04-21,1944.9000244140625,-0.0037976152973985644,-0.001739970932198888
2022-04-22,1931.0,-0.007172570973407727,-0.0037976152973985644
2022-04-25,1893.199951171875,-0.019769510187740744,-0.007172570973407727
2022-04-26,1901.4000244140625,0.0043219765242018485,-0.019769510187740744
2022-04-27,1885.9000244140625,-0.008185296301079753,0.0043219765242018485
2022-04-28,1888.699951171875,0.0014835623851351678,-0.008185296301079753
2022-04-29,1909.300048828125,0.010847972444223454,0.0014835623851351678
2022-05-02,1861.800048828125,-0.02519292038456543,0.010847972444223454
2022-05-03,1868.800048828125,0.0037527518532821575,-0.02519292038456543
2022-05-04,1867.0,-0.0009636752202483986,0.0037527518532821575
2022-05-05,1874.0,0.003742319256644968,-0.0009636752202483986
2022-05-06,1881.199951171875,0.003834661316685816,0.003742319256644968
2022-05-09,1857.0999755859375,-0.012893727062383077,0.003834661316685816
2022-05-10,1839.9000244140625,-0.00930488248338918,-0.012893727062383077
2022-05-11,1852.5999755859375,0.006878809072376239,-0.00930488248338918
2022-05-12,1823.800048828125,-0.015667781369351496,0.006878809072376239
2022-05-13,1807.4000244140625,-0.009032901296614637,-0.015667781369351496
2022-05-16,1813.5,0.003369317747265814,-0.009032901296614637
2022-05-17,1818.199951171875,0.0025882941096002548,0.003369317747265814
2022-05-18,1815.9000244140625,-0.0012657478221988101,0.0025882941096002548
2022-05-19,1841.199951171875,0.013836280412998598,-0.0012657478221988101
2022-05-20,1841.800048828125,0.00032587437499885286,0.013836280412998598
2022-05-23,1847.800048828125,0.003252387863293797,0.00032587437499885286
2022-05-24,1865.0999755859375,0.009318889191803466,0.003252387863293797
2022-05-25,1846.199951171875,-0.01018521174530886,0.009318889191803466
2022-05-26,1847.4000244140625,0.0006498122657287857,-0.01018521174530886
2022-05-27,1851.300048828125,0.0021088629963046065,0.0006498122657287857
2022-05-31,1842.699951171875,-0.004656260527504244,0.0021088629963046065
2022-06-01,1843.300048828125,0.00032560914897010034,-0.004656260527504244
2022-06-02,1866.5,0.0125075493629948,0.00032560914897010034
2022-06-03,1845.4000244140625,-0.011368949980497233,0.0125075493629948
2022-06-06,1839.199951171875,-0.003365401473737211,-0.011368949980497233
2022-06-07,1847.5,0.004502705921952788,-0.003365401473737211
2022-06-08,1851.9000244140625,0.0023787784288539122,0.004502705921952788
2022-06-09,1848.800048828125,-0.001675345880327806,0.0023787784288539122
2022-06-10,1871.5,0.012203441973600668,-0.001675345880327806
2022-06-13,1828.0,-0.02351777533038834,0.012203441973600668
2022-06-14,1809.5,-0.01017190901029815,-0.02351777533038834
2022-06-15,1815.300048828125,0.00320020619069026,-0.01017190901029815
2022-06-16,1845.699951171875,0.016607812663686532,0.00320020619069026
2022-06-17,1835.5999755859375,-0.00548719263781298,0.016607812663686532
2022-06-21,1834.5999755859375,-0.0005449294523729552,-0.00548719263781298
2022-06-22,1834.300048828125,-0.00016349682819632593,-0.0005449294523729552
2022-06-23,1825.699951171875,-0.004699515565206118,-0.00016349682819632593
2022-06-24,1826.5,0.0004381188607517011,-0.004699515565206118
2022-06-27,1820.9000244140625,-0.003070669489849738,0.0004381188607517011
2022-06-28,1817.5,-0.001868967337812985,-0.003070669489849738
2022-06-29,1813.699951171875,-0.0020929997061283,-0.001868967337812985
2022-06-30,1804.0999755859375,-0.005307091775332891,-0.0020929997061283
2022-07-01,1798.9000244140625,-0.0028864583859110646,-0.005307091775332891
2022-07-05,1761.800048828125,-0.02083933914969923,-0.0028864583859110646
2022-07-06,1734.9000244140625,-0.015386252486003978,-0.02083933914969923
2022-07-07,1737.9000244140625,0.0017277129141139384,-0.015386252486003978
2022-07-08,1740.5999755859375,0.0015523655104664287,0.0017277129141139384
2022-07-11,1730.0,-0.006108458837354837,0.0015523655104664287
2022-07-12,1723.300048828125,-0.003880322870210738,-0.006108458837354837
2022-07-13,1734.199951171875,0.0063050981654516405,-0.003880322870210738
2022-07-14,1704.5,-0.017274371209107783,0.0063050981654516405
2022-07-15,1702.4000244140625,-0.0012327780896654707,-0.017274371209107783
2022-07-18,1709.199951171875,0.003986361713753098,-0.0012327780896654707
2022-07-19,1710.0,0.0004679742946601952,0.003986361713753098
2022-07-20,1699.5,-0.006159280360534849,0.0004679742946601952
2022-07-21,1712.699951171875,0.007736953992708003,-0.006159280360534849
2022-07-22,1727.0999755859375,0.008372643085123987,0.007736953992708003
2022-07-25,1719.0,-0.004700960831153482,0.008372643085123987
2022-07-26,1717.699951171875,-0.000756568166326809,-0.004700960831153482
2022-07-27,1719.0999755859375,0.0008147256292718839,-0.000756568166326809
2022-07-28,1750.300048828125,0.017986345847998488,0.0008147256292718839
2022-07-29,1762.9000244140625,0.007172964446712137,0.017986345847998488
2022-08-01,1769.0,0.003454221019280375,0.007172964446712137
2022-08-02,1771.0999755859375,0.001186393518112395,0.003454221019280375
2022-08-03,1758.0,-0.007424009432775246,0.001186393518112395
2022-08-04,1788.5,0.01720048045395003,-0.007424009432775246
2022-08-05,1772.9000244140625,-0.008760642024044224,0.01720048045395003
2022-08-08,1786.800048828125,0.007809700130070115,-0.008760642024044224
2022-08-09,1794.0,0.004021425813643075,0.007809700130070115
2022-08-10,1795.5999755859375,0.0008914506924313416,0.004021425813643075
2022-08-11,1789.699951171875,-0.003291233570665182,0.0008914506924313416
2022-08-12,1798.5999755859375,0.004960590165981755,-0.003291233570665182
2022-08-15,1781.4000244140625,-0.009608985203734186,0.004960590165981755
2022-08-16,1773.199951171875,-0.0046137893685845414,-0.009608985203734186
2022-08-17,1760.300048828125,-0.007301519543719817,-0.0046137893685845414
2022-08-18,1755.300048828125,-0.002844466510612898,-0.007301519543719817
2022-08-19,1747.5999755859375,-0.00439640617260913,-0.002844466510612898
2022-08-22,1734.0,-0.00781252576674173,-0.00439640617260913
2022-08-23,1746.800048828125,0.007354692223817934,-0.00781252576674173
2022-08-24,1747.800048828125,0.0005723115660449006,0.007354692223817934
2022-08-25,1757.699951171875,0.005648226308946638,0.0005723115660449006
2022-08-26,1736.0999755859375,-0.012364904253983925,0.005648226308946638
2022-08-29,1736.5999755859375,0.0002879603826907875,-0.012364904253983925
2022-08-30,1723.199951171875,-0.007746165501607033,0.0002879603826907875
2022-08-31,1712.800048828125,-0.006053512283144235,-0.007746165501607033
2022-09-01,1696.5999755859375,-0.009503252799611197,-0.006053512283144235
2022-09-02,1709.800048828125,0.0077501991662910705,-0.009503252799611197
2022-09-06,1700.4000244140625,-0.0055129013074622065,0.0077501991662910705
2022-09-07,1715.300048828125,0.00872448903953951,-0.0055129013074622065
2022-09-08,1708.0,-0.004264925533494193,0.00872448903953951
2022-09-09,1716.199951171875,0.004789420573202699,-0.004264925533494193
2022-09-12,1728.0999755859375,0.0069100090105372255,0.004789420573202699
2022-09-13,1705.0,-0.013457414214637989,0.0069100090105372255
2022-09-14,1696.5,-0.004997805493332346,-0.013457414214637989
2022-09-15,1665.4000244140625,-0.018501955762987212,-0.004997805493332346
2022-09-16,1671.699951171875,0.003775694038622129,-0.018501955762987212
2022-09-19,1666.199951171875,-0.003295488264191871,0.003775694038622129
2022-09-20,1659.699951171875,-0.0039087215289053045,-0.003295488264191871
2022-09-21,1664.5999755859375,0.002948005938547933,-0.0039087215289053045
2022-09-22,1670.800048828125,0.0037177432020477504,0.002948005938547933
2022-09-23,1645.300048828125,-0.015379814777475905,0.0037177432020477504
2022-09-26,1623.300048828125,-0.013461623673598822,-0.015379814777475905
2022-09-27,1626.699951171875,0.0020922483593887654,-0.013461623673598822
2022-09-28,1660.4000244140625,0.020505159126874725,0.0020922483593887654
2022-09-29,1658.5,-0.0011449724954999327,0.020505159126874725
2022-09-30,1662.4000244140625,0.002348776643889567,-0.0011449724954999327
2022-10-03,1692.9000244140625,0.01818069303365146,0.002348776643889567
2022-10-04,1721.0999755859375,0.016520558026136455,0.01818069303365146
2022-10-05,1711.4000244140625,-0.005651843841279974,0.016520558026136455
2022-10-06,1711.699951171875,0.00017523692601385205,-0.005651843841279974
2022-10-07,1700.5,-0.006564674728268202,0.00017523692601385205
2022-10-10,1667.300048828125,-0.01971674459509101,-0.006564674728268202
2022-10-11,1678.699951171875,0.006814074389340839,-0.01971674459509101
2022-10-12,1670.300048828125,-0.005016375012451831,0.006814074389340839
2022-10-13,1670.0,-0.00017965381824740632,-0.005016375012451831
2022-10-14,1641.699951171875,-0.01709136585274509,-0.00017965381824740632
2022-10-17,1657.0,0.009276477868507263,-0.01709136585274509
2022-10-18,1649.0,-0.004839694866963967,0.009276477868507263
2022-10-19,1627.5,-0.013123948476874548,-0.004839694866963967
2022-10-20,1630.800048828125,0.00202562680358335,-0.013123948476874548
2022-10-21,1651.0,0.012310443033820328,0.00202562680358335
2022-10-24,1648.699951171875,-0.0013940959691325695,0.012310443033820328
2022-10-25,1652.800048828125,0.0024837799570480903,-0.0013940959691325695
2022-10-26,1664.0,0.006753493473110318,0.0024837799570480903
2022-10-27,1660.699951171875,-0.001985171570581598,0.006753493473110318
2022-10-28,1639.5999755859375,-0.012786876070645195,-0.001985171570581598
2022-10-31,1635.9000244140625,-0.002259168215868315,-0.012786876070645195
2022-11-01,1645.0,0.005547257675413403,-0.002259168215868315
2022-11-02,1645.699951171875,0.0004254117317392756,0.005547257675413403
2022-11-03,1627.300048828125,-0.011243566259035888,0.0004254117317392756
2022-11-04,1672.5,0.02739728333020796,-0.011243566259035888
2022-11-07,1676.5,0.0023887739038996633,0.02739728333020796
2022-11-08,1712.0999755859375,0.02101238604477114,0.0023887739038996633
2022-11-09,1710.0999755859375,-0.0011688389084410285,0.02101238604477114
2022-11-10,1750.300048828125,0.023235395651179536,-0.0011688389084410285
2022-11-11,1766.0,0.008929872470112414,0.023235395651179536
2022-11-14,1773.5999755859375,0.004294263372937783,0.008929872470112414
2022-11-15,1773.800048828125,0.00011279993292139435,0.004294263372937783
2022-11-16,1773.0,-0.0004511383955566457,0.00011279993292139435
2022-11-17,1760.800048828125,-0.006904748131308381,-0.0004511383955566457
2022-11-18,1751.9000244140625,-0.005067351765360675,-0.006904748131308381
2022-11-21,1737.4000244140625,-0.008311170299651035,-0.005067351765360675
2022-11-22,1738.300048828125,0.0005178953391911294,-0.008311170299651035
2022-11-23,1744.9000244140625,0.0037896091787737837,0.0005178953391911294
2022-11-25,1753.300048828125,0.004802492929499426,0.0037896091787737837
2022-11-28,1740.0999755859375,-0.007557185534083681,0.004802492929499426
2022-11-29,1748.4000244140625,0.004758529161550502,-0.007557185534083681
2022-11-30,1746.0,-0.001373640553271435,0.004758529161550502
2022-12-01,1801.0999755859375,0.0310701183883798,-0.001373640553271435
2022-12-02,1795.9000244140625,-0.002891273168903714,0.0310701183883798
2022-12-05,1767.4000244140625,-0.015996748721572914,-0.002891273168903714
2022-12-06,1769.300048828125,0.0010744618189316108,-0.015996748721572914
2022-12-07,1785.5,0.009114472318120768,0.0010744618189316108
2022-12-08,1788.699951171875,0.0017905836665891154,0.009114472318120768
2022-12-09,1798.0999755859375,0.005241466558799575,0.0017905836665891154
2022-12-12,1780.5,-0.009836314542059353,0.005241466558799575
2022-12-13,1813.9000244140625,0.01858501310552256,-0.009836314542059353
2022-12-14,1807.5,-0.0035345617904352757,0.01858501310552256
2022-12-15,1777.199951171875,-0.0169056104459163,-0.0035345617904352757
2022-12-16,1790.0,0.007176555247797316,-0.0169056104459163
2022-12-19,1787.699951171875,-0.0012857697271356746,0.007176555247797316
2022-12-20,1815.9000244140625,0.015651375902693578,-0.0012857697271356746
2022-12-21,1815.9000244140625,0.0,0.015651375902693578
2022-12-22,1787.0,-0.016042989850930472,0.0
2022-12-23,1795.9000244140625,0.004968066459595485,-0.016042989850930472
2022-12-27,1814.800048828125,0.010468993076297851,0.004968066459595485
2022-12-28,1807.9000244140625,-0.0038093315032526956,0.010468993076297851
2022-12-29,1819.5,0.0063957738601456895,-0.0038093315032526956
2022-12-30,1819.699951171875,0.0001098874339190406,0.0063957738601456895
2023-01-03,1839.699951171875,0.010930862804251935,0.0001098874339190406
2023-01-04,1852.800048828125,0.007095546441984838,0.010930862804251935
2023-01-05,1834.800048828125,-0.009762524397120638,0.007095546441984838
2023-01-06,1864.199951171875,0.01589647009927115,-0.009762524397120638
2023-01-09,1872.699951171875,0.004549233258291233,0.01589647009927115
2023-01-10,1871.5999755859375,-0.0005875467452382744,0.004549233258291233
2023-01-11,1874.5999755859375,0.0016016233411999265,-0.0005875467452382744
2023-01-12,1895.5,0.01108736566761589,0.0016016233411999265
2023-01-13,1918.4000244140625,0.012008862043122856,0.01108736566761589
2023-01-17,1907.199951171875,-0.005855345730477272,0.012008862043122856
2023-01-18,1904.4000244140625,-0.0014691611288529948,-0.005855345730477272
2023-01-19,1922.0999755859375,0.00925131447113823,-0.0014691611288529948
2023-01-20,1926.4000244140625,0.002234663176594187,0.00925131447113823
2023-01-23,1927.0999755859375,0.0003632807471507761,0.002234663176594187
2023-01-24,1933.9000244140625,0.0035224324574504432,0.0003632807471507761
2023-01-25,1941.199951171875,0.003767611384967313,0.0035224324574504432
2023-01-26,1929.0999755859375,-0.0062527531393145016,0.003767611384967313
2023-01-27,1928.5999755859375,-0.00025922182084070467,-0.0062527531393145016
2023-01-30,1922.9000244140625,-0.0029598625643060456,-0.00025922182084070467
2023-01-31,1929.5,0.0034264261246514465,-0.0029598625643060456
2023-02-01,1927.800048828125,-0.000881420299387641,0.0034264261246514465
2023-02-02,1916.300048828125,-0.005983212723418652,-0.000881420299387641
2023-02-03,1862.9000244140625,-0.02826184255379748,-0.005983212723418652
2023-02-06,1866.199951171875,0.0017698252343863036,-0.02826184255379748
2023-02-07,1871.699951171875,0.0029428310618131773,0.0017698252343863036
2023-02-08,1877.4000244140625,0.003040771209810025,0.0029428310618131773
2023-02-09,1866.199951171875,-0.005983602271623308,0.003040771209810025
2023-02-10,1862.800048828125,-0.0018234933150134012,-0.005983602271623308
2023-02-13,1851.9000244140625,-0.005868606069231897,-0.0018234933150134012
2023-02-14,1854.0,0.0011333148745895825,-0.005868606069231897
2023-02-15,1834.199951171875,-0.0107370746218953,0.0011333148745895825
2023-02-16,1842.0,0.004243545311346955,-0.0107370746218953
2023-02-17,1840.4000244140625,-0.0008689852683103383,0.004243545311346955
2023-02-21,1833.0,-0.004028983707236791,-0.0008689852683103383
2023-02-22,1832.0,-0.000545702605629464,-0.004028983707236791
2023-02-23,1818.0,-0.0076712704966514795,-0.000545702605629464
2023-02-24,1808.800048828125,-0.005073326778902653,-0.0076712704966514795
2023-02-27,1817.0,0.004523120437649741,-0.005073326778902653
2023-02-28,1828.9000244140625,0.006527917163400628,0.004523120437649741
2023-03-01,1837.699951171875,0.004800056571569328,0.006527917163400628
2023-03-02,1833.5,-0.0022880546197603423,0.004800056571569328
2023-03-03,1847.699951171875,0.007714887423290701,-0.0022880546197603423
2023-03-06,1847.9000244140625,0.00010827646049621364,0.007714887423290701
2023-03-07,1813.9000244140625,-0.0185706355718125,0.00010827646049621364
2023-03-08,1812.699951171875,-0.0006618172911648265,-0.0185706355718125
2023-03-09,1829.300048828125,0.009115987157307687,-0.0006618172911648265
2023-03-10,1862.0,0.017717772147514535,0.009115987157307687
2023-03-13,1911.699951171875,0.026341694156230083,0.017717772147514535
2023-03-14,1906.199951171875,-0.0028811671051432153,0.026341694156230083
2023-03-15,1926.5999755859375,0.010645072763326822,-0.0028811671051432153
2023-03-16,1919.0,-0.003952561643726087,0.010645072763326822
2023-03-17,1969.800048828125,0.026127822516268665,-0.003952561643726087
2023-03-20,1979.199951171875,0.004760658443617601,0.026127822516268665
2023-03-21,1938.0,-0.021036184516874452,0.004760658443617601
2023-03-22,1946.800048828125,0.004530510589810312,-0.021036184516874452
2023-03-23,1993.800048828125,0.023855366038062705,0.004530510589810312
2023-03-24,1982.0999755859375,-0.005885513691905922,0.023855366038062705
2023-03-27,1952.4000244140625,-0.015097478869044783,-0.005885513691905922
2023-03-28,1972.4000244140625,0.01019169021018235,-0.015097478869044783
2023-03-29,1966.0999755859375,-0.0031992150318794522,0.01019169021018235
2023-03-30,1980.300048828125,0.007196500323830662,-0.0031992150318794522
2023-03-31,1969.0,-0.005722573380642285,0.007196500323830662
2023-04-03,1983.9000244140625,0.007538817015696076,-0.005722573380642285
2023-04-04,2022.199951171875,0.01912138685643545,0.007538817015696076
2023-04-05,2020.9000244140625,-0.0006430347062673179,0.01912138685643545
2023-04-06,2011.9000244140625,-0.004463407474970126,-0.0006430347062673179
2023-04-10,1989.0999755859375,-0.011397298492928634,-0.004463407474970126
2023-04-11,2004.800048828125,0.007862066660321815,-0.011397298492928634
2023-04-12,2010.9000244140625,0.0030380656754726365,0.007862066660321815
2023-04-13,2041.300048828125,0.015004488526765062,0.0030380656754726365
2023-04-14,2002.199951171875,-0.01934033210150383,0.015004488526765062
2023-04-17,1994.199951171875,-0.004003608688523414,-0.01934033210150383
2023-04-18,2007.4000244140625,0.006597421632108531,-0.004003608688523414
2023-04-19,1995.199951171875,-0.006096093088757149,0.006597421632108531
2023-04-20,2007.5999755859375,0.006195695166983959,-0.006096093088757149
2023-04-21,1979.5,-0.014095679073773076,0.006195695166983959
2023-04-24,1989.0999755859375,0.004837975290905525,-0.014095679073773076
2023-04-25,1994.0,0.002460408684692786,0.004837975290905525
2023-04-26,1985.699951171875,-0.004171199318677286,0.002460408684692786
2023-04-27,1989.9000244140625,0.0021129262655032468,-0.004171199318677286
2023-04-28,1990.0999755859375,0.00010047797590101929,0.0021129262655032468
2023-05-01,1983.4000244140625,-0.003372320383288464,0.00010047797590101929
2023-05-02,2014.300048828125,0.015459208663897123,-0.003372320383288464
2023-05-03,2028.5999755859375,0.007074123181844181,0.015459208663897123
2023-05-04,2048.0,0.009517819252434986,0.007074123181844181
2023-05-05,2017.4000244140625,-0.015054141436917398,0.009517819252434986
2023-05-08,2026.300048828125,0.00440192824598679,-0.015054141436917398
2023-05-09,2036.199951171875,0.004873807724603167,0.00440192824598679
2023-05-10,2030.5,-0.002803233566718523,0.004873807724603167
2023-05-11,2014.699951171875,-0.007811791440417504,-0.002803233566718523
2023-05-12,2014.5,-9.925105453308255e-05,-0.007811791440417504
2023-05-15,2018.0,0.0017358962821522753,-9.925105453308255e-05
2023-05-16,1988.4000244140625,-0.014776614414791786,0.0017358962821522753
2023-05-17,1980.699951171875,-0.003880014587498261,-0.014776614414791786
2023-05-18,1956.5,-0.012293130260797066,-0.003880014587498261
2023-05-19,1978.699951171875,0.011282876071055622,-0.012293130260797066
2023-05-22,1974.800048828125,-0.001972886611210169,0.011282876071055622
2023-05-23,1972.4000244140625,-0.001216064382496189,-0.001972886611210169
2023-05-24,1962.800048828125,-0.004879037635297988,-0.001216064382496189
2023-05-25,1943.0999755859375,-0.010087426800028507,-0.004879037635297988
2023-05-26,1944.0999755859375,0.0005145091760760677,-0.010087426800028507
2023-05-30,1958.0,0.00712441162188973,0.0005145091760760677
2023-05-31,1963.9000244140625,0.0030087604621398334,0.00712441162188973
2023-06-01,1978.0,0.007153928630061794,0.0030087604621398334
2023-06-02,1952.4000244140625,-0.013026835665023308,0.007153928630061794
2023-06-05,1958.0,0.0028641465728216076,-0.013026835665023308
2023-06-06,1965.5,0.003823121771459306,0.0028641465728216076
2023-06-07,1942.699951171875,-0.011667932951336448,0.003823121771459306
2023-06-08,1963.5999755859375,0.010700777840001093,-0.011667932951336448
2023-06-09,1962.199951171875,-0.0007132429056668153,0.010700777840001093
2023-06-12,1955.300048828125,-0.003522608540493114,-0.0007132429056668153
2023-06-13,1944.5999755859375,-0.005487371483662416,-0.003522608540493114
2023-06-14,1955.300048828125,0.005487371483662365,-0.005487371483662416
2023-06-15,1957.800048828125,0.0012777594632126471,0.005487371483662365
2023-06-16,1958.4000244140625,0.0003064070167053769,0.0012777594632126471
2023-06-20,1935.5,-0.011762134766634989,0.0003064070167053769
2023-06-21,1933.300048828125,-0.0011372784228845022,-0.011762134766634989
2023-06-22,1912.699951171875,-0.01071258172670636,-0.0011372784228845022
2023-06-23,1919.0999755859375,0.003340482534468814,-0.01071258172670636
2023-06-26,1923.699951171875,0.0023940761271535643,0.003340482534468814
2023-06-27,1914.0,-0.00505509651683476,0.0023940761271535643
2023-06-28,1912.300048828125,-0.0008885614102553915,-0.00505509651683476
2023-06-29,1909.199951171875,-0.0016224510460784893,-0.0008885614102553915
2023-06-30,1921.0999755859375,0.0062136453694543944,-0.0016224510460784893
2023-07-03,1921.699951171875,0.00031225960354315117,0.0062136453694543944
2023-07-05,1919.5999755859375,-0.0010933672637802037,0.00031225960354315117
2023-07-06,1908.699951171875,-0.005694461811811971,-0.0010933672637802037
2023-07-07,1926.199951171875,0.009126768323334932,-0.005694461811811971
2023-07-10,1925.0,-0.0006231570554215221,0.009126768323334932
2023-07-11,1931.300048828125,0.0032674088391857186,-0.0006231570554215221
2023-07-12,1956.199951171875,0.012810414334619996,0.0032674088391857186
2023-07-13,1959.199951171875,0.0015324108197861239,0.012810414334619996
2023-07-14,1960.0999755859375,0.00045927816023401885,0.0015324108197861239
2023-07-17,1952.4000244140625,-0.003936082358076451,0.00045927816023401885
2023-07-18,1977.199951171875,0.012622280219577665,-0.003936082358076451
2023-07-19,1977.5,0.0001517429045972916,0.012622280219577665
2023-07-20,1968.300048828125,-0.004663169815610156,0.0001517429045972916
2023-07-21,1964.300048828125,-0.002034278228194697,-0.004663169815610156
2023-07-24,1960.300048828125,-0.002038424953129538,-0.002034278228194697
2023-07-25,1962.0999755859375,0.0009177681383586431,-0.002038424953129538
2023-07-26,1968.9000244140625,0.0034597077644024344,0.0009177681383586431
2023-07-27,1945.4000244140625,-0.012007399562659367,0.0034597077644024344
2023-07-28,1960.4000244140625,0.007680922504028945,-0.012007399562659367
2023-07-31,1970.5,0.005138771146053185,0.007680922504028945
2023-08-01,1940.699951171875,-0.015238610077067491,0.005138771146053185
2023-08-02,1937.4000244140625,-0.0017018269642495524,-0.015238610077067491
2023-08-03,1932.0,-0.0027911448212779625,-0.0017018269642495524
2023-08-04,1939.5999755859375,0.0039260178715701454,-0.0027911448212779625
2023-08-07,1933.5,-0.0031499215966817747,0.0039260178715701454
2023-08-08,1924.0999755859375,-0.004873518808943379,-0.0031499215966817747
2023-08-09,1915.4000244140625,-0.004531822404694159,-0.004873518808943379
2023-08-10,1914.4000244140625,-0.0005222204866973095,-0.004531822404694159
2023-08-11,1912.9000244140625,-0.0007838424255554935,-0.0005222204866973095
2023-08-14,1910.5999755859375,-0.0012031118637709465,-0.0007838424255554935
2023-08-15,1902.5,-0.0042485053218494105,-0.0012031118637709465
2023-08-16,1896.0999755859375,-0.0033696785716191323,-0.0042485053218494105
2023-08-17,1884.0999755859375,-0.00634889183821112,-0.0033696785716191323
2023-08-18,1886.0999755859375,0.0010609517869105895,-0.00634889183821112
2023-08-21,1893.300048828125,0.0038101719353384462,0.0010609517869105895
2023-08-22,1896.4000244140625,0.0016360008536025392,0.0038101719353384462
2023-08-23,1918.5,0.011586265785144559,0.0016360008536025392
2023-08-24,1918.199951171875,-0.0001564098483359136,0.011586265785144559
2023-08-25,1911.0999755859375,-0.0037082411186100178,-0.0001564098483359136
2023-08-28,1917.9000244140625,0.0035518704503101632,-0.0037082411186100178
2023-08-29,1936.5,0.009651369784435556,0.0035518704503101632
2023-08-30,1944.300048828125,0.004019820260445598,0.009651369784435556
2023-08-31,1938.199951171875,-0.003142358107314131,0.004019820260445598
2023-09-01,1939.800048828125,0.0008252180232353599,-0.003142358107314131
2023-09-05,1926.199951171875,-0.007035775353867591,0.0008252180232353599
2023-09-06,1918.0999755859375,-0.004214024777917077,-0.007035775353867591
2023-09-07,1917.5,-0.0003128457579778613,-0.004214024777917077
2023-09-08,1918.4000244140625,0.00046926375810114266,-0.0003128457579778613
2023-09-11,1923.300048828125,0.0025509680494884674,0.00046926375810114266
2023-09-12,1911.300048828125,-0.006258821711373876,0.0025509680494884674
2023-09-13,1909.0999755859375,-0.001151750325271196,-0.006258821711373876
2023-09-14,1910.0,0.0004713280283196849,-0.001151750325271196
2023-09-15,1923.699951171875,0.00714714748905865,0.0004713280283196849
2023-09-18,1931.5,0.00404651357660179,0.00714714748905865
2023-09-19,1932.0,0.00025883266612720474,0.00404651357660179
2023-09-20,1945.5999755859375,0.007014664451038297,0.00025883266612720474
2023-09-21,1919.199951171875,-0.013661993139932882,0.007014664451038297
2023-09-22,1925.4000244140625,0.003225343940292486,-0.013661993139932882
2023-09-25,1916.5999755859375,-0.004580980852414224,0.003225343940292486
2023-09-26,1900.4000244140625,-0.008488367011878772,-0.004580980852414224
2023-09-27,1871.5999755859375,-0.015270736211994373,-0.008488367011878772
2023-09-28,1860.4000244140625,-0.006002135474614082,-0.015270736211994373
2023-09-29,1848.0999755859375,-0.006633460391607215,-0.006002135474614082
2023-10-02,1830.0,-0.009842104245885983,-0.006633460391607215
2023-10-03,1824.5999755859375,-0.002955195304593962,-0.009842104245885983
2023-10-04,1818.5,-0.0033487861038289848,-0.002955195304593962
2023-10-05,1816.5999755859375,-0.0010453767983573286,-0.0033487861038289848
2023-10-06,1830.199951171875,0.007458615173471331,-0.0010453767983573286
2023-10-09,1849.5,0.010490108470351069,0.007458615173471331
2023-10-10,1861.0,0.006198645369741984,0.010490108470351069
2023-10-11,1872.800048828125,0.0063206856067081355,0.006198645369741984
2023-10-12,1869.300048828125,-0.0018706079095983437,0.0063206856067081355
2023-10-13,1927.4000244140625,0.03060790174466398,-0.0018706079095983437
2023-10-16,1921.0999755859375,-0.003274031158004244,0.03060790174466398
2023-10-17,1922.699951171875,0.0008324968566677746,-0.003274031158004244
2023-10-18,1955.300048828125,0.016813236521731816,0.0008324968566677746
2023-10-19,1968.4000244140625,0.006677383090401854,0.016813236521731816
2023-10-20,1982.5,0.007137632114181281,0.006677383090401854
2023-10-23,1976.300048828125,-0.0031322401557761035,0.007137632114181281
2023-10-24,1975.0,-0.0006580360180047346,-0.0031322401557761035
2023-10-25,1984.0999755859375,0.004597000160347399,-0.0006580360180047346
2023-10-26,1987.199951171875,0.0015611896722705911,0.004597000160347399
2023-10-27,1988.5999755859375,0.0007042731011225338,0.0015611896722705911
2023-10-30,1996.199951171875,0.003814487522985263,0.0007042731011225338
2023-10-31,1985.199951171875,-0.0055257086747362814,0.003814487522985263
2023-11-01,1978.800048828125,-0.0032290150880346837,-0.0055257086747362814
2023-11-02,1985.5999755859375,0.003430498125606122,-0.0032290150880346837
2023-11-03,1991.5,0.0029670004669155115,0.003430498125606122
2023-11-06,1981.5999755859375,-0.004983536766927965,0.0029670004669155115
2023-11-07,1966.800048828125,-0.0074967054908099675,-0.004983536766927965
2023-11-08,1951.5,-0.007809573743291399,-0.0074967054908099675
2023-11-09,1964.199951171875,0.006486705243964605,-0.007809573743291399
2023-11-10,1932.5999755859375,-0.01621877893218127,0.006486705243964605
2023-11-13,1945.5,0.006652779492155402,-0.01621877893218127
2023-11-14,1961.800048828125,0.008343430595057662,0.006652779492155402
2023-11-15,1960.0999755859375,-0.0008669641439555301,0.008343430595057662
2023-11-16,1983.9000244140625,0.01206913677911117,-0.0008669641439555301
2023-11-17,1981.5999755859375,-0.0011600298000505828,0.01206913677911117
2023-11-20,1977.699951171875,-0.001970058216140758,-0.0011600298000505828
2023-11-21,1999.300048828125,0.010862615061766792,-0.001970058216140758
2023-11-22,1991.4000244140625,-0.00395922248666503,0.010862615061766792
2023-11-24,2002.199951171875,0.005408630384414501,-0.00395922248666503
2023-11-27,2011.800048828125,0.004783316372955456,0.005408630384414501
2023-11-28,2039.699951171875,0.013772846290545529,0.004783316372955456
2023-11-29,2047.0999755859375,0.0036214312587581126,0.013772846290545529
2023-11-30,2038.0999755859375,-0.004406156206906349,0.0036214312587581126
2023-12-01,2071.0,0.016013593082084946,-0.004406156206906349
2023-12-04,2024.0999755859375,-0.022906437155782732,0.016013593082084946
2023-12-05,2018.5,-0.0027704839468059126,-0.022906437155782732
2023-12-06,2030.5,0.005927406833356961,-0.0027704839468059126
2023-12-07,2029.9000244140625,-0.00029552536040616107,0.005927406833356961
2023-12-08,1998.300048828125,-0.01568969924387106,-0.00029552536040616107
2023-12-11,1978.0,-0.01021061033941788,-0.01568969924387106
2023-12-12,1977.800048828125,-0.00010109265866683018,-0.01021061033941788
2023-12-13,1982.300048828125,0.0022726708042306704,-0.00010109265866683018
2023-12-14,2030.199951171875,0.0238764749712153,0.0022726708042306704
2023-12-15,2021.0999755859375,-0.0044923807443041424,0.0238764749712153
2023-12-18,2026.300048828125,0.0025695884133355284,-0.0044923807443041424
2023-12-19,2038.4000244140625,0.005953704386447858,0.0025695884133355284
2023-12-20,2034.5,-0.0019151099131709602,0.005953704386447858
2023-12-21,2039.0999755859375,0.0022584336059977327,-0.0019151099131709602
2023-12-22,2057.10009765625,0.008788749383462259,0.0022584336059977327
2023-12-26,2058.199951171875,0.0005345192470838028,0.008788749383462259
2023-12-27,2081.89990234375,0.011449100696166307,0.0005345192470838028
2023-12-28,2073.89990234375,-0.0038500458433421737,0.011449100696166307
2023-12-29,2062.39990234375,-0.0055605396969713086,-0.0038500458433421737
2024-01-02,2064.39990234375,0.0009692741355228508,-0.0055605396969713086
2024-01-03,2034.199951171875,-0.014736982781769346,0.0009692741355228508
2024-01-04,2042.300048828125,0.0039740504436172235,-0.014736982781769346
2024-01-05,2042.4000244140625,4.895124937695209e-05,0.0039740504436172235
2024-01-08,2026.5999755859375,-0.007766098913480239,4.895124937695209e-05
2024-01-09,2026.4000244140625,-9.866823194536253e-05,-0.007766098913480239
2024-01-10,2021.699951171875,-0.0023221142671955622,-9.866823194536253e-05
2024-01-11,2014.300048828125,-0.0036669527431482853,-0.0023221142671955622
2024-01-12,2046.699951171875,0.015956951403282443,-0.0036669527431482853
2024-01-16,2026.0,-0.010165310319773104,0.015956951403282443
2024-01-17,2002.5999755859375,-0.011617081726109013,-0.010165310319773104
2024-01-18,2018.5999755859375,0.007957865627687473,-0.011617081726109013
2024-01-19,2026.5,0.0039059773581561485,0.007957865627687473
2024-01-22,2019.800048828125,-0.003311646301174295,0.0039059773581561485
2024-01-23,2023.699951171875,0.0019289741822805175,-0.003311646301174295
2024-01-24,2013.9000244140625,-0.004854342213876016,0.0019289741822805175
2024-01-25,2016.9000244140625,0.0014885385122534204,-0.004854342213876016
2024-01-26,2016.800048828125,-4.9570163444326434e-05,0.0014885385122534204
2024-01-29,2025.199951171875,0.004156315901078261,-4.9570163444326434e-05
2024-01-30,2031.5,0.003105999442300761,0.004156315901078261
2024-01-31,2048.39990234375,0.008284516486208303,0.003105999442300761
2024-02-01,2053.0,0.0022431851049437793,0.008284516486208303
2024-02-02,2036.0999755859375,-0.008265936631712222,0.0022431851049437793
2024-02-05,2025.699951171875,-0.005120905671782916,-0.008265936631712222
2024-02-06,2034.5,0.004334792726306237,-0.005120905671782916
2024-02-07,2035.199951171875,0.0003439817122514089,0.004334792726306237
2024-02-08,2032.199951171875,-0.0014751441294395143,0.0003439817122514089
2024-02-09,2023.300048828125,-0.004389060106493958,-0.0014751441294395143
2024-02-12,2018.199951171875,-0.002523865081532603,-0.004389060106493958
2024-02-13,1992.9000244140625,-0.012615124246704407,-0.002523865081532603
2024-02-14,1990.300048828125,-0.0013054709316034623,-0.012615124246704407
2024-02-15,2002.0999755859375,0.005911211825204104,-0.0013054709316034623
2024-02-16,2011.5,0.004684094906416618,0.005911211825204104
2024-02-20,2027.5,0.007922794599725029,0.004684094906416618
2024-02-21,2022.300048828125,-0.002568005317217988,0.007922794599725029
2024-02-22,2019.699951171875,-0.0012865403339371805,-0.002568005317217988
2024-02-23,2038.5999755859375,0.009314324420003009,-0.0012865403339371805
2024-02-26,2028.5,-0.004966682111913958,0.009314324420003009
2024-02-27,2034.0,0.0027076939620032797,-0.004966682111913958
2024-02-28,2033.0,-0.0004917629801586159,0.0027076939620032797
2024-02-29,2045.699951171875,0.006227470697706523,-0.0004917629801586159
2024-03-01,2086.89990234375,0.019939659139843434,0.006227470697706523
2024-03-04,2117.699951171875,0.014650906546489963,0.019939659139843434
2024-03-05,2133.5,0.007433252615668022,0.014650906546489963
2024-03-06,2150.300048828125,0.00784356635087546,0.007433252615668022
2024-03-07,2158.0,0.0035744768391498196,0.00784356635087546
2024-03-08,2178.60009765625,0.009500646655496024,0.0035744768391498196
2024-03-11,2182.5,0.001788495240181465,0.009500646655496024
2024-03-12,2160.39990234375,-0.010177664197878154,0.001788495240181465
2024-03-13,2175.39990234375,0.006919166252700285,-0.010177664197878154
2024-03-14,2163.0,-0.0057163638155206895,0.006919166252700285
2024-03-15,2157.300048828125,-0.0026386845425951824,-0.0057163638155206895
2024-03-18,2160.699951171875,0.0015747582428707817,-0.0026386845425951824
2024-03-19,2156.300048828125,-0.0020384080923120792,0.0015747582428707817
2024-03-20,2157.89990234375,0.0007416687251718953,-0.0020384080923120792
2024-03-21,2182.39990234375,0.01128966261576579,0.0007416687251718953
2024-03-22,2158.10009765625,-0.011196893703511956,0.01128966261576579
2024-03-25,2174.800048828125,0.00770847852509448,-0.011196893703511956
2024-03-26,2175.60009765625,0.0003678047123048936,0.00770847852509448
2024-03-27,2190.60009765625,0.006870990033479146,0.0003678047123048936
2024-03-28,2217.39990234375,0.012159770828042574,0.006870990033479146
2024-04-01,2236.5,0.008576849575533693,0.012159770828042574
2024-04-02,2261.0,0.010895049405066982,0.008576849575533693
2024-04-03,2294.39990234375,0.014664135564459967,0.010895049405066982
2024-04-04,2288.800048828125,-0.002443644773025144,0.014664135564459967
2024-04-05,2325.699951171875,0.015993363911782323,-0.002443644773025144
2024-04-08,2331.699951171875,0.002576546332762105,0.015993363911782323
2024-04-09,2343.5,0.005047944048811655,0.002576546332762105
2024-04-10,2329.60009765625,-0.005948917440644637,0.005047944048811655
2024-04-11,2354.800048828125,0.010759197967561912,-0.005948917440644637
2024-04-12,2356.199951171875,0.0005943121990892287,0.010759197967561912
2024-04-15,2365.800048828125,0.00406612066202905,0.0005943121990892287
2024-04-16,2390.800048828125,0.010511806622644015,0.00406612066202905
2024-04-17,2371.699951171875,-0.00802108139040866,0.010511806622644015
2024-04-18,2382.300048828125,0.004459451082454631,-0.00802108139040866
2024-04-19,2398.39990234375,0.006735379565596977,0.004459451082454631
2024-04-22,2332.199951171875,-0.02798980048135961,0.006735379565596977
2024-04-23,2327.699951171875,-0.001931372558694458,-0.02798980048135961
2024-04-24,2324.5,-0.0013756724603899396,-0.001931372558694458
2024-04-25,2329.800048828125,0.0022774857931127522,-0.0013756724603899396
2024-04-26,2334.800048828125,0.0021438073190774686,0.0022774857931127522
2024-04-29,2345.39990234375,0.004529666146779777,0.0021438073190774686
2024-04-30,2291.39990234375,-0.02329297954868033,0.004529666146779777
2024-05-01,2299.89990234375,0.0037026594091494527,-0.02329297954868033
2024-05-02,2299.199951171875,-0.0003043861623244103,0.0037026594091494527
2024-05-03,2299.0,-8.696932457233537e-05,-0.0003043861623244103
2024-05-06,2321.60009765625,0.00978239943094232,-8.696932457233537e-05
2024-05-07,2315.199951171875,-0.002760589407145369,0.00978239943094232
2024-05-08,2313.60009765625,-0.0006912606128823438,-0.002760589407145369
2024-05-09,2332.10009765625,0.007964395898361993,-0.0006912606128823438
2024-05-10,2367.300048828125,0.01498089474872309,0.007964395898361993
2024-05-13,2336.10009765625,-0.013267171767020015,0.01498089474872309
2024-05-14,2353.39990234375,0.007378135479851928,-0.013267171767020015
2024-05-15,2388.699951171875,0.014888214910604233,0.007378135479851928
2024-05-16,2380.0,-0.0036487767790969396,0.014888214910604233
2024-05-17,2412.199951171875,0.013438686241467436,-0.0036487767790969396
2024-05-20,2433.89990234375,0.008955695038778591,0.013438686241467436
2024-05-21,2421.699951171875,-0.005025116242057949,0.008955695038778591
2024-05-22,2389.199951171875,-0.01351119128257647,-0.005025116242057949
2024-05-23,2335.0,-0.02294667031813439,-0.01351119128257647
2024-05-24,2332.5,-0.0010712373814988035,-0.02294667031813439
2024-05-28,2355.199951171875,0.0096849750810076,-0.0010712373814988035
2024-05-29,2340.300048828125,-0.0063464816760843545,0.0096849750810076
2024-05-30,2342.89990234375,0.001110289464388048,-0.0063464816760843545
2024-05-31,2322.89990234375,-0.00857307357068379,0.001110289464388048
2024-06-03,2346.60009765625,0.010151150585457774,-0.00857307357068379
2024-06-04,2325.5,-0.009032443941432378,0.010151150585457774
2024-06-05,2354.10009765625,0.012223460620860391,-0.009032443941432378
2024-06-06,2370.300048828125,0.00685801971176186,0.012223460620860391
2024-06-07,2305.199951171875,-0.027849130615993235,0.00685801971176186
2024-06-10,2307.699951171875,0.0010839169709689002,-0.027849130615993235
2024-06-11,2307.5,-8.664897474244984e-05,0.0010839169709689002
2024-06-12,2336.0,0.012275377571110555,-8.664897474244984e-05
2024-06-13,2300.199951171875,-0.015444010517410593,0.012275377571110555
2024-06-14,2331.39990234375,0.013472849167638714,-0.015444010517410593
2024-06-17,2312.39990234375,-0.008182999621581656,0.013472849167638714
2024-06-18,2330.39990234375,0.007753980763100305,-0.008182999621581656
2024-06-20,2353.800048828125,0.009991179448078678,0.007753980763100305
2024-06-21,2316.39990234375,-0.016016849994939065,0.009991179448078678
2024-06-24,2330.0,0.005854053366742159,-0.016016849994939065
2024-06-25,2316.60009765625,-0.0057676319065113404,0.005854053366742159
2024-06-26,2299.199951171875,-0.0075394205654809275,-0.0057676319065113404
2024-06-27,2324.5,0.010943747042885628,-0.0075394205654809275
2024-06-28,2327.699951171875,0.0013756724603899051,0.010943747042885628
2024-07-01,2327.60009765625,-4.2898852745440194e-05,0.0013756724603899051
2024-07-02,2323.0,-0.0019782819678747557,-4.2898852745440194e-05
2024-07-03,2359.800048828125,0.01571743658704651,-0.0019782819678747557
2024-07-05,2388.5,0.012088663472560882,0.01571743658704651
2024-07-08,2355.199951171875,-0.01403992502750996,0.012088663472560882
2024-07-09,2360.10009765625,0.002078403578812869,-0.01403992502750996
2024-07-10,2372.199951171875,0.00511374163037859,0.002078403578812869
2024-07-11,2415.0,0.017881513074975274,0.00511374163037859
2024-07-12,2414.0,-0.0004141644291962591,0.017881513074975274
2024-07-15,2422.89990234375,0.0036800068503831792,-0.0004141644291962591
2024-07-16,2462.39990234375,0.016171314917783012,0.0036800068503831792
2024-07-17,2454.800048828125,-0.00309113301982428,0.016171314917783012
2024-07-18,2451.800048828125,-0.0012228428297097356,-0.00309113301982428
2024-07-19,2395.5,-0.02323049125293214,-0.0012228428297097356
2024-07-22,2392.0,-0.0014621412526544951,-0.02323049125293214
2024-07-23,2404.60009765625,0.005253774082549602,-0.0014621412526544951
2024-07-24,2413.300048828125,0.0036115155414233003,0.005253774082549602
2024-07-25,2351.89990234375,-0.025771655108934748,0.0036115155414233003
2024-07-26,2380.0,0.011877017079959726,-0.025771655108934748
2024-07-29,2377.300048828125,-0.0011350772219737724,0.011877017079959726
2024-07-30,2405.0,0.011584493096314897,-0.0011350772219737724
2024-07-31,2426.5,0.008899986305409351,0.011584493096314897
2024-08-01,2435.0,0.0034968666714193194,0.008899986305409351
2024-08-02,2425.699951171875,-0.003826634135013617,0.0034968666714193194
2024-08-05,2401.699951171875,-0.00994332279261066,-0.003826634135013617
2024-08-06,2389.10009765625,-0.005260032745343863,-0.00994332279261066
2024-08-07,2390.5,0.0005857822224360302,-0.005260032745343863
2024-08-08,2422.199951171875,0.013173648862206806,0.0005857822224360302
2024-08-09,2432.10009765625,0.0040789238864625725,0.013173648862206806
2024-08-12,2462.39990234375,0.012381322610815695,0.0040789238864625725
2024-08-13,2466.699951171875,0.0017447607257966857,0.012381322610815695
2024-08-14,2439.39990234375,-0.011129137775200023,0.0017447607257966857
2024-08-15,2453.10009765625,0.005600503269123787,-0.011129137775200023
2024-08-16,2498.60009765625,0.01837804343675201,0.005600503269123787
2024-08-19,2501.800048828125,0.0012798782157230325,0.01837804343675201
2024-08-20,2511.300048828125,0.0037900744796478744,0.0012798782157230325
2024-08-21,2508.39990234375,-0.0011555060403106994,0.0037900744796478744
2024-08-22,2478.89990234375,-0.011830186756921601,-0.0011555060403106994
2024-08-23,2508.39990234375,0.011830186756921704,-0.011830186756921601
2024-08-26,2517.699951171875,0.003700706198852698,0.011830186756921704
2024-08-27,2516.0,-0.0006754281156969496,0.003700706198852698
2024-08-28,2501.0,-0.005979686942712076,-0.0006754281156969496
2024-08-29,2525.699951171875,0.009827580801596993,-0.005979686942712076
2024-08-30,2493.800048828125,-0.012710561536922458,0.009827580801596993
2024-09-03,2489.89990234375,-0.0015651613535240963,-0.012710561536922458
2024-09-04,2493.39990234375,0.0014046919562063706,-0.0015651613535240963
2024-09-05,2511.39990234375,0.0071931259247034075,0.0014046919562063706
2024-09-06,2493.5,-0.007152981683501989,0.0071931259247034075
2024-09-09,2501.800048828125,0.0033231463116611603,-0.007152981683501989
2024-09-10,2512.300048828125,0.004188195346663044,0.0033231463116611603
2024-09-11,2512.10009765625,-7.959205722123827e-05,0.004188195346663044
2024-09-12,2551.199951171875,0.015444721969289848,-7.959205722123827e-05
2024-09-13,2581.300048828125,0.011729349341314652,0.015444721969289848
2024-09-16,2580.39990234375,-0.0003487790851909712,0.011729349341314652
2024-09-17,2564.300048828125,-0.00625883189495714,-0.0003487790851909712
2024-09-18,2570.699951171875,0.00249266043134922,-0.00625883189495714
2024-09-19,2588.0,0.006707160271705417,0.00249266043134922
2024-09-20,2619.89990234375,0.01225073519220459,0.006707160271705417
2024-09-23,2626.5,0.002516049581020544,0.01225073519220459
2024-09-24,2651.199951171875,0.009360187860914403,0.002516049581020544
2024-09-25,2659.199951171875,0.003012958044237874,0.009360187860914403
2024-09-26,2669.89990234375,0.004015674633472966,0.003012958044237874
2024-09-27,2644.300048828125,-0.00963458348443632,0.004015674633472966
2024-09-30,2636.10009765625,-0.0031058092325682647,-0.00963458348443632
2024-10-01,2667.300048828125,0.01176615388576509,-0.0031058092325682647
2024-10-02,2647.10009765625,-0.007602005078805537,0.01176615388576509
2024-10-03,2657.10009765625,0.003770601213994833,-0.007602005078805537
2024-10-04,2645.800048828125,-0.004261843753354774,0.003770601213994833
2024-10-07,2644.800048828125,-0.00037802895454220627,-0.004261843753354774
2024-10-08,2615.0,-0.011331369029670978,-0.00037802895454220627
2024-10-09,2606.0,-0.0034476188142327953,-0.011331369029670978
2024-10-10,2620.60009765625,0.0055868577505378105,-0.0034476188142327953
2024-10-11,2657.60009765625,0.014020160169731887,0.0055868577505378105
2024-10-14,2647.800048828125,-0.0036943716604866234,0.014020160169731887
2024-10-15,2661.39990234375,0.0051231384715043505,-0.0036943716604866234
2024-10-16,2674.0,0.004723215245810717,0.0051231384715043505
2024-10-17,2691.0,0.006337393065017404,0.004723215245810717
2024-10-18,2713.699951171875,0.00840012761358353,0.006337393065017404
2024-10-21,2723.10009765625,0.0034579737223619676,0.00840012761358353
2024-10-22,2744.199951171875,0.007718602631013913,0.0034579737223619676
2024-10-23,2714.39990234375,-0.01091867720094922,0.007718602631013913
2024-10-24,2734.89990234375,0.007523937915991553,-0.01091867720094922
2024-10-25,2740.89990234375,0.002191461563702766,0.007523937915991553
2024-10-28,2742.89990234375,0.00072942126259476,0.002191461563702766
2024-10-29,2768.39990234375,0.009253781457162933,0.00072942126259476
2024-10-30,2788.5,0.007234316137240295,0.009253781457162933
2024-10-31,2738.300048828125,-0.01816650912342701,0.007234316137240295
2024-11-01,2738.60009765625,0.0001095688511384859,-0.01816650912342701
2024-11-04,2736.10009765625,-0.0009132920834320161,0.0001095688511384859
2024-11-05,2740.300048828125,0.0015338367843668287,-0.0009132920834320161
2024-11-06,2667.60009765625,-0.02688819289182318,0.0015338367843668287
2024-11-07,2698.39990234375,0.011479740190580862,-0.02688819289182318
2024-11-08,2687.5,-0.004047575121093911,0.011479740190580862
2024-11-11,2611.199951171875,-0.0288015263656269,-0.004047575121093911
2024-11-12,2600.0,-0.00429842206071789,-0.0288015263656269
2024-11-13,2580.800048828125,-0.00741199771886598,-0.00429842206071789
2024-11-14,2568.199951171875,-0.004894201906120731,-0.00741199771886598
2024-11-15,2565.699951171875,-0.0009739185590534588,-0.004894201906120731
2024-11-18,2610.60009765625,0.017348790536743833,-0.0009739185590534588
2024-11-19,2627.10009765625,0.006300496006653572,0.017348790536743833
2024-11-20,2648.199951171875,0.007999532098494133,0.006300496006653572
2024-11-21,2672.10009765625,0.008984571185138249,0.007999532098494133
2024-11-22,2709.89990234375,0.014046981134497769,0.008984571185138249
2024-11-25,2616.800048828125,-0.03495948190340738,0.014046981134497769
2024-11-26,2620.300048828125,0.001336617767776714,-0.03495948190340738
2024-11-27,2639.89990234375,0.007452166991228204,0.001336617767776714
2024-11-29,2657.0,0.006456666117155565,0.007452166991228204
2024-12-02,2634.89990234375,-0.008352473231234763,0.006456666117155565
2024-12-03,2644.699951171875,0.003712425318383127,-0.008352473231234763
2024-12-04,2653.800048828125,0.003434974654697664,0.003712425318383127
2024-12-05,2626.60009765625,-0.010302322170881693,0.003434974654697664
2024-12-06,2638.60009765625,0.004558239129528256,-0.010302322170881693
2024-12-09,2664.89990234375,0.00991798633808684,0.004558239129528256
2024-12-10,2697.60009765625,0.012196028210303023,0.00991798633808684
2024-12-11,2733.800048828125,0.013330075570755336,0.012196028210303023
2024-12-12,2687.5,-0.017081207143532985,0.013330075570755336
2024-12-13,2656.0,-0.011790161839593786,-0.017081207143532985
2024-12-16,2651.39990234375,-0.0017334660635325901,-0.011790161839593786
2024-12-17,2644.39990234375,-0.00264360600282425,-0.0017334660635325901
2024-12-18,2636.5,-0.0029918795594432402,-0.00264360600282425
2024-12-19,2592.199951171875,-0.01694536281780769,-0.0029918795594432402
2024-12-20,2628.699951171875,0.01398249166131256,-0.01694536281780769
2024-12-23,2612.300048828125,-0.006258330803749558,0.01398249166131256
2024-12-24,2620.0,0.00294323974486273,-0.006258330803749558
2024-12-26,2638.800048828125,0.007149969097485895,0.00294323974486273
2024-12-27,2617.199951171875,-0.008219261513672152,0.007149969097485895
2024-12-30,2606.10009765625,-0.004250136932791706,-0.008219261513672152
2024-12-31,2629.199951171875,0.008824710411780469,-0.004250136932791706
2025-01-02,2658.89990234375,0.011232867866452192,0.008824710411780469
2025-01-03,2645.0,-0.005241401391997348,0.011232867866452192
2025-01-06,2638.39990234375,-0.0024984295005021796,-0.005241401391997348
2025-01-07,2656.699951171875,0.006912096917743294,-0.0024984295005021796
2025-01-08,2664.5,0.0029316900271960217,0.006912096917743294
2025-01-09,2683.800048828125,0.007217296123672955,0.0029316900271960217
2025-01-10,2708.5,0.009161257237443541,0.007217296123672955
2025-01-13,2673.5,-0.013006500709167285,0.009161257237443541
2025-01-14,2677.5,0.001495047933117684,-0.013006500709167285
2025-01-15,2712.5,0.012987195526811112,0.001495047933117684
2025-01-16,2746.39990234375,0.012420208736854522,0.012987195526811112
2025-01-17,2744.300048828125,-0.000764876477197021,0.012420208736854522
2025-01-21,2755.0,0.003891391478642485,-0.000764876477197021
2025-01-22,2767.60009765625,0.004563111323176753,0.003891391478642485
2025-01-23,2763.10009765625,-0.0016272807543716752,0.004563111323176753
2025-01-24,2777.300048828125,0.005125977145751084,-0.0016272807543716752
2025-01-27,2737.5,-0.014434155176814617,0.005125977145751084
2025-01-28,2766.800048828125,0.010646340249542608,-0.014434155176814617
2025-01-29,2769.10009765625,0.000830957531606674,0.010646340249542608
2025-01-30,2823.0,0.019277756347583747,0.000830957531606674
2025-01-31,2812.5,-0.0037263817408137866,0.019277756347583747
2025-02-03,2833.89990234375,0.007580052840268373,-0.0037263817408137866
2025-02-04,2853.300048828125,0.006822415916365941,0.007580052840268373
2025-02-05,2871.60009765625,0.006393163440626415,0.006822415916365941
2025-02-06,2856.0,-0.005447355250461389,0.006393163440626415
2025-02-07,2867.300048828125,0.00394879297438717,-0.005447355250461389
2025-02-10,2914.300048828125,0.016258833046568513,0.00394879297438717
2025-02-11,2912.5,-0.0006178516064746903,0.016258833046568513
2025-02-12,2909.0,-0.0012024393787544148,-0.0006178516064746903
2025-02-13,2925.89990234375,0.005792712774394366,-0.0012024393787544148
2025-02-14,2883.60009765625,-0.014562544873085503,0.005792712774394366
2025-02-18,2931.60009765625,0.01650883496677148,-0.014562544873085503
2025-02-19,2919.39990234375,-0.004170300117599673,0.01650883496677148
2025-02-20,2940.0,0.0070314990870447855,-0.004170300117599673
2025-02-21,2937.60009765625,-0.0008166266630073181,0.0070314990870447855
2025-02-24,2947.89990234375,0.003500064634192458,-0.0008166266630073181
2025-02-25,2904.5,-0.01483176087132524,0.003500064634192458
2025-02-26,2916.800048828125,0.0042258832321174136,-0.01483176087132524
2025-02-27,2883.199951171875,-0.011586370186078948,0.0042258832321174136
2025-02-28,2836.800048828125,-0.016224097946286358,-0.011586370186078948
2025-03-03,2890.199951171875,0.01864901343751476,-0.016224097946286358
2025-03-04,2909.60009765625,0.00668996126638687,0.01864901343751476
2025-03-05,2915.300048828125,0.001957098953760298,0.00668996126638687
2025-03-06,2916.60009765625,0.0004458405723709752,0.001957098953760298
2025-03-07,2904.699951171875,-0.004088489842890409,0.0004458405723709752
2025-03-10,2891.0,-0.004727634903135915,-0.004088489842890409
2025-03-11,2912.89990234375,0.007546651957820141,-0.004727634903135915
2025-03-12,2939.10009765625,0.008954330271122598,0.007546651957820141
2025-03-13,2984.300048828125,0.015261784579635519,0.008954330271122598
2025-03-14,2994.5,0.003412042879592822,0.015261784579635519
2025-03-17,3000.0,0.0018350159457296321,0.003412042879592822
2025-03-18,3035.10009765625,0.011632116405335577,0.0018350159457296321
2025-03-19,3035.89990234375,0.00026348367390129166,0.011632116405335577
2025-03-20,3040.0,0.001349626670783865,0.00026348367390129166
2025-03-21,3018.199951171875,-0.007196904393713174,0.001349626670783865
2025-03-24,3013.10009765625,-0.0016911295043418105,-0.007196904393713174
2025-03-25,3023.699951171875,0.0035117493782604987,-0.0016911295043418105
2025-03-26,3020.89990234375,-0.0009264629905246514,0.0035117493782604987
2025-03-27,3060.199951171875,0.012925489441903849,-0.0009264629905246514
2025-03-28,3086.5,0.008557505502098309,0.012925489441903849
2025-03-31,3122.800048828125,0.01169228804819296,0.008557505502098309
2025-04-01,3118.89990234375,-0.0012497066576345498,0.01169228804819296
2025-04-02,3139.89990234375,0.006710576935193882,-0.0012497066576345498
2025-04-03,3097.0,-0.013757020186500003,0.006710576935193882
2025-04-04,3012.0,-0.02782959105341858,-0.013757020186500003
2025-04-07,2951.300048828125,-0.02035854214521939,-0.02782959105341858
2025-04-08,2968.39990234375,0.0057772864227977104,-0.02035854214521939
2025-04-09,3056.5,0.02924741627141751,0.0057772864227977104
2025-04-10,3155.199951171875,0.03178139946409088,0.02924741627141751
2025-04-11,3222.199951171875,0.0210124709703548,0.03178139946409088
2025-04-14,3204.800048828125,-0.00541463975573675,0.0210124709703548
2025-04-15,3218.699951171875,0.004327834993182707,-0.00541463975573675
2025-04-16,3326.60009765625,0.03297325457193712,0.004327834993182707
2025-04-17,3308.699951171875,-0.005395442489893157,0.03297325457193712
2025-04-21,3406.199951171875,0.029041937846947277,-0.005395442489893157
2025-04-22,3400.800048828125,-0.0015865736672474797,0.029041937846947277
2025-04-23,3276.300048828125,-0.03729596062718759,-0.0015865736672474797
2025-04-24,3332.0,0.016857972511505684,-0.03729596062718759
2025-04-25,3282.39990234375,-0.01499789191023496,0.016857972511505684
2025-04-28,3332.5,0.015147940676365497,-0.01499789191023496
2025-04-29,3318.800048828125,-0.004119486550149282,0.015147940676365497
2025-04-30,3305.0,-0.004166813216927875,-0.004119486550149282
2025-05-01,3210.0,-0.02916553616172506,-0.004166813216927875
2025-05-02,3231.89990234375,0.006799232227835648,-0.02916553616172506
2025-05-05,3311.300048828125,0.024270706904035648,0.006799232227835648
2025-05-06,3411.39990234375,0.029781859324395553,0.024270706904035648
2025-05-07,3381.39990234375,-0.008832939557882192,0.029781859324395553
2025-05-08,3296.60009765625,-0.025398132101867026,-0.008832939557882192
2025-05-09,3335.39990234375,0.011700918988177024,-0.025398132101867026
2025-05-12,3220.0,-0.03521122337030222,0.011700918988177024
2025-05-13,3240.300048828125,0.006284573623097743,-0.03521122337030222
2025-05-14,3181.39990234375,-0.018344612393290653,0.006284573623097743
2025-05-15,3220.699951171875,0.012277391287757004,-0.018344612393290653
2025-05-16,3182.0,-0.012088782158285714,0.012277391287757004
2025-05-19,3228.89990234375,0.014631561796196542,-0.012088782158285714
2025-05-20,3280.300048828125,0.015793404801633753,0.014631561796196542
2025-05-21,3309.300048828125,0.008801804902702907,0.015793404801633753
2025-05-22,3292.300048828125,-0.005150277910234424,0.008801804902702907
2025-05-23,3363.60009765625,0.021425434503964738,-0.005150277910234424
2025-05-27,3299.10009765625,-0.019362124406121534,0.021425434503964738
2025-05-28,3293.60009765625,-0.0016685124798728683,-0.019362124406121534
2025-05-29,3317.10009765625,0.007109715550713264,-0.0016685124798728683
2025-05-30,3288.89990234375,-0.008537804000789136,0.007109715550713264
2025-06-02,3370.60009765625,0.02453766635895122,-0.008537804000789136
2025-06-03,3350.199951171875,-0.006070768059979941,0.02453766635895122
2025-06-04,3373.5,0.006930750112583484,-0.006070768059979941
2025-06-05,3350.699951171875,-0.006781516425104247,0.006930750112583484
2025-06-06,3322.699951171875,-0.008391573926159246,-0.006781516425104247
2025-06-09,3332.10009765625,0.0028250744326858415,-0.008391573926159246
2025-06-10,3320.89990234375,-0.003366964044300687,0.0028250744326858415
2025-06-11,3321.300048828125,0.000120486130438958,-0.003366964044300687
2025-06-12,3380.89990234375,0.01778563010253441,0.000120486130438958
2025-06-13,3431.199951171875,0.014768122634469274,0.01778563010253441
2025-06-16,3396.39990234375,-0.010194021599707037,0.014768122634469274
2025-06-17,3386.60009765625,-0.0028895213050230267,-0.010194021599707037
2025-06-18,3389.800048828125,0.0009444399210661637,-0.0028895213050230267
2025-06-20,3368.10009765625,-0.0064221208610746846,0.0009444399210661637
2025-06-23,3377.699951171875,0.0028461738938607515,-0.0064221208610746846
2025-06-24,3317.39990234375,-0.018013675886811464,0.0028461738938607515
2025-06-25,3327.10009765625,0.0029197688926843124,-0.018013675886811464
2025-06-26,3333.5,0.0019217200310753606,0.0029197688926843124
2025-06-27,3273.699951171875,-0.018101974273062114,0.0019217200310753606
2025-06-30,3294.39990234375,0.006303198845365553,-0.018101974273062114
2025-07-01,3336.699951171875,0.012758252337171075,0.006303198845365553
2025-07-02,3348.0,0.003380872641776682,0.012758252337171075
2025-07-03,3331.60009765625,-0.004910454236063616,0.003380872641776682
2025-07-04,3332.5,0.0002700746795615175,-0.004910454236063616
2025-07-07,3332.199951171875,-9.004121131513318e-05,0.0002700746795615175
2025-07-08,3307.0,-0.007591297859755788,-9.004121131513318e-05
2025-07-09,3311.60009765625,0.0013900517720019155,-0.007591297859755788
2025-07-10,3317.39990234375,0.0017498283805606845,0.0013900517720019155
2025-07-11,3356.0,0.011568474452741711,0.0017498283805606845
2025-07-14,3351.5,-0.0013417817890844313,0.011568474452741711
2025-07-15,3329.800048828125,-0.006495750023279325,-0.0013417817890844313
2025-07-16,3352.5,0.006794079381100563,-0.006495750023279325
2025-07-17,3340.10009765625,-0.0037055602760010316,0.006794079381100563
2025-07-18,3353.0,0.003854691586396078,-0.0037055602760010316
2025-07-21,3401.89990234375,0.01447860287732854,0.003854691586396078
2025-07-22,3439.199951171875,0.010904801640990577,0.01447860287732854
2025-07-23,3394.10009765625,-0.013200213092493647,0.010904801640990577
2025-07-24,3371.0,-0.006829222657993172,-0.013200213092493647
2025-07-25,3334.0,-0.011036651923321424,-0.006829222657993172
2025-07-28,3309.10009765625,-0.0074965057238816635,-0.011036651923321424
2025-07-29,3323.39990234375,0.0043120472958143976,-0.0074965057238816635
2025-07-30,3295.800048828125,-0.008339380490785232,0.0043120472958143976
2025-07-31,3293.199951171875,-0.0007892237945701002,-0.008339380490785232
2025-08-01,3347.699951171875,0.01641380667687466,-0.0007892237945701002
2025-08-04,3374.39990234375,0.007943973509988255,0.01641380667687466
2025-08-05,3381.89990234375,0.0022201510582657955,0.007943973509988255
2025-08-06,3380.0,-0.0005619433653809127,0.0022201510582657955
2025-08-07,3400.300048828125,0.005987967888747476,-0.0005619433653809127
2025-08-08,3439.10009765625,0.01134616025997749,0.005987967888747476
2025-08-11,3353.10009765625,-0.025324517441945554,0.01134616025997749
2025-08-12,3348.89990234375,-0.0012534156557426127,-0.025324517441945554
2025-08-13,3358.699951171875,0.002922075262479989,-0.0012534156557426127
2025-08-14,3335.199951171875,-0.007021346864233285,0.002922075262479989
2025-08-15,3336.0,0.0002398515522892742,-0.007021346864233285
2025-08-18,3331.699951171875,-0.0012898149154139478,0.0002398515522892742
2025-08-19,3313.39990234375,-0.005507846531911064,-0.0012898149154139478
2025-08-20,3343.39990234375,0.009013401028552843,-0.005507846531911064
2025-08-21,3336.89990234375,-0.0019460210593331287,0.009013401028552843
2025-08-22,3374.39990234375,0.011175298783647576,-0.0019460210593331287
2025-08-25,3373.800048828125,-0.00017778178523024962,0.011175298783647576
2025-08-26,3388.60009765625,0.004377165544111227,-0.00017778178523024962
2025-08-27,3404.60009765625,0.0047106015210283785,0.004377165544111227
2025-08-28,3431.800048828125,0.007957432015570034,0.0047106015210283785
2025-08-29,3473.699951171875,0.012135375150160638,0.007957432015570034
2025-09-02,3549.39990234375,0.02155825335719171,0.012135375150160638
2025-09-03,3593.199951171875,0.012264609179004047,0.02155825335719171
2025-09-04,3565.800048828125,-0.007654710471889562,0.012264609179004047
2025-09-05,3613.199951171875,0.013205346467745164,-0.007654710471889562
2025-09-08,3638.10009765625,0.00686780141163577,0.013205346467745164
2025-09-09,3643.300048828125,0.0014282835584511465,0.00686780141163577
2025-09-10,3643.60009765625,8.235294082891736e-05,0.0014282835584511465
2025-09-11,3636.89990234375,-0.001840587103648067,8.235294082891736e-05
2025-09-12,3649.39990234375,0.0034311001737597525,-0.001840587103648067
2025-09-15,3682.199951171875,0.008947642619622902,0.0034311001737597525
2025-09-16,3688.89990234375,0.0018178977764950366,0.008947642619622902
2025-09-17,3681.800048828125,-0.0019265078645296421,0.0018178977764950366
2025-09-18,3643.699951171875,-0.01040214079746196,-0.0019265078645296421
2025-09-19,3671.5,0.007600662414640123,-0.01040214079746196
2025-09-22,3740.699951171875,0.018672448725779663,0.007600662414640123
2025-09-23,3780.60009765625,0.010610006389506373,0.018672448725779663
2025-09-24,3732.10009765625,-0.01291164894810577,0.010610006389506373
2025-09-25,3736.89990234375,0.001285260502940439,-0.01291164894810577
2025-09-26,3775.300048828125,0.010223498096000606,0.001285260502940439
2025-09-29,3820.89990234375,0.012006108728818521,0.010223498096000606
2025-09-30,3840.800048828125,0.005194719543134664,0.012006108728818521
2025-10-01,3867.5,0.006927612517481628,0.005194719543134664
2025-10-02,3839.699951171875,-0.0072140776340165556,0.006927612517481628
2025-10-03,3880.800048828125,0.010647104699776156,-0.0072140776340165556
2025-10-06,3948.5,0.017294429424654912,0.010647104699776156
2025-10-07,3976.60009765625,0.007091447444070091,0.017294429424654912
2025-10-08,4043.300048828125,0.016633994907520277,0.007091447444070091
2025-10-09,3946.300048828125,-0.024282758867578195,0.016633994907520277
2025-10-10,3975.89990234375,0.007472669571045818,-0.024282758867578195
2025-10-13,4108.60009765625,0.03283124863445809,0.007472669571045818
2025-10-14,4138.7001953125,0.007299414410765657,0.03283124863445809
2025-10-15,4176.89990234375,0.009187545165353398,0.007299414410765657
2025-10-16,4280.2001953125,0.02443046188439831,0.009187545165353398
2025-10-17,4189.89990234375,-0.02132293911227755,0.02443046188439831
2025-10-20,4336.39990234375,0.03436764429162454,-0.02132293911227755
2025-10-21,4087.699951171875,-0.059062035540049886,0.03436764429162454
2025-10-22,4044.39990234375,-0.01064926865576389,-0.059062035540049886
2025-10-23,4125.5,0.019854040473195667,-0.01064926865576389
2025-10-24,4118.39990234375,-0.0017225098547725875,0.019854040473195667
2025-10-27,4001.89990234375,-0.028695490766858036,-0.0017225098547725875
2025-10-28,3966.199951171875,-0.008960778782097539,-0.028695490766858036
2025-10-29,3983.699951171875,0.004402578266743398,-0.008960778782097539
2025-10-30,4001.300048828125,0.004408297096619672,0.004402578266743398
2025-10-31,3982.199951171875,-0.0047849023856938715,0.004408297096619672
2025-11-03,4000.300048828125,0.0045349523774452045,-0.0047849023856938715
2025-11-04,3947.699951171875,-0.013236252040332198,0.0045349523774452045
2025-11-05,3980.300048828125,0.008224087134207535,-0.013236252040332198
2025-11-06,3979.89990234375,-0.0001005367923334668,0.008224087134207535
2025-11-07,3999.39990234375,0.004887656635851291,-0.0001005367923334668
2025-11-10,4111.7998046875,0.027716515886168476,0.004887656635851291
2025-11-11,4106.7998046875,-0.0012167524528548244,0.027716515886168476
2025-11-12,4204.39990234375,0.02348748385555354,-0.0012167524528548244
2025-11-13,4186.89990234375,-0.004170992761122764,0.02348748385555354
2025-11-14,4087.60009765625,-0.024002555332014903,-0.004170992761122764
2025-11-17,4068.300048828125,-0.0047327908648018505,-0.024002555332014903
2025-11-18,4061.300048828125,-0.0017221023533426794,-0.0047327908648018505
2025-11-19,4077.699951171875,0.004029960569867122,-0.0017221023533426794
2025-11-20,4056.5,-0.0052125591455094164,0.004029960569867122
2025-11-21,4076.699951171875,0.004967292782076356,-0.0052125591455094164
2025-11-24,4091.89990234375,0.0037215603622990662,0.004967292782076356
2025-11-25,4139.2001953125,0.01149319363831883,0.0037215603622990662
2025-11-26,4165.2001953125,0.006261760929431564,0.01149319363831883
2025-11-28,4218.2998046875,0.012667816416397979,0.006261760929431564
2025-12-01,4239.2998046875,0.004965958221290471,0.012667816416397979
2025-12-02,4186.60009765625,-0.01250914319860585,0.004965958221290471
2025-12-03,4199.2998046875,0.0030288262173034956,-0.01250914319860585
2025-12-04,4211.7998046875,0.0029722651693542806,0.0030288262173034956
2025-12-05,4212.89990234375,0.00026116008896670296,0.0029722651693542806
2025-12-08,4187.2001953125,-0.006118924040939417,0.00026116008896670296
2025-12-09,4206.7001953125,0.0046462393338665645,-0.006118924040939417
2025-12-10,4196.39990234375,-0.002451547168984526,0.0046462393338665645
2025-12-11,4285.5,0.021010239753042382,-0.002451547168984526
2025-12-12,4300.10009765625,0.003401069596484952,0.021010239753042382
2025-12-15,4306.7001953125,0.001533693992035725,0.003401069596484952
2025-12-16,4304.5,-0.0005110078294488002,0.001533693992035725
2025-12-17,4347.5,0.009939980130428714,-0.0005110078294488002
2025-12-18,4339.5,-0.0018418331441386099,0.009939980130428714
2025-12-19,4361.39990234375,0.005033950243312225,-0.0018418331441386099
2025-12-22,4444.60009765625,0.018896813791643464,0.005033950243312225
2025-12-23,4482.7998046875,0.008557909489307347,0.018896813791643464
2025-12-24,4480.60009765625,-0.0004908198003828014,0.008557909489307347
2025-12-26,4529.10009765625,0.010766277995574931,-0.0004908198003828014
2025-12-29,4325.10009765625,-0.04608798173882948,0.010766277995574931
2025-12-30,4370.10009765625,0.010350630404542907,-0.04608798173882948
2025-12-31,4325.60009765625,-0.010235032825325435,0.010350630404542907
