Variable,M0: Benchmark,M1: + Activity,M2: + Sentiment,M3: + Activity + Sentiment
BTC RESULTS,,,,
Constant,0.0129,0.0342,0.0131,0.0352
,(0.0316),(0.0326),(0.0316),(0.0331)
Lagged own return,-0.1192*,-0.1208*,-0.1204*,-0.1224*
,(0.0689),(0.0687),(0.0687),(0.0684)
Lagged log trading volume,-0.0005,-0.0018,-0.0005,-0.0019
,(0.0013),(0.0015),(0.0013),(0.0015)
S&P 500 return,0.0715,0.0729,0.0692,0.0700
,(0.1464),(0.1460),(0.1465),(0.1460)
VIX change,0.0001,0.0001,0.0001,0.0001
,(0.0007),(0.0007),(0.0007),(0.0007)
Gold return,0.0791,0.0839,0.0782,0.0830
,(0.0861),(0.0862),(0.0864),(0.0863)
DXY return,-0.0218,-0.0341,-0.0214,-0.0339
,(0.2104),(0.2085),(0.2099),(0.2075)
US 10Y yield change,0.0013,0.0019,0.0010,0.0016
,(0.0149),(0.0149),(0.0150),(0.0150)
Lagged log Reddit post count,,0.0026,,0.0027
,,(0.0021),,(0.0021)
Lagged Reddit sentiment,,,0.0046,0.0060
,,,(0.0109),(0.0111)
Observations,1821,1821,1821,1821
R-squared,0.0137,0.0148,0.0138,0.0150
Adjusted R-squared,0.0099,0.0104,0.0094,0.0101
ETH RESULTS,,,,
Constant,-0.0046,-0.0042,-0.0018,-0.0004
,(0.0328),(0.0325),(0.0330),(0.0326)
Lagged own return,-0.0595,-0.0596,-0.0599,-0.0601
,(0.0476),(0.0476),(0.0477),(0.0477)
Lagged log trading volume,0.0002,0.0002,0.0001,0.0000
,(0.0014),(0.0014),(0.0014),(0.0014)
S&P 500 return,0.0427,0.0430,0.0423,0.0430
,(0.1784),(0.1780),(0.1784),(0.1781)
VIX change,-0.0006,-0.0006,-0.0006,-0.0006
,(0.0010),(0.0010),(0.0010),(0.0010)
Gold return,0.0807,0.0811,0.0809,0.0820
,(0.1183),(0.1182),(0.1185),(0.1183)
DXY return,0.2562,0.2560,0.2591,0.2589
,(0.3238),(0.3242),(0.3241),(0.3243)
US 10Y yield change,-0.0123,-0.0123,-0.0123,-0.0123
,(0.0170),(0.0170),(0.0170),(0.0170)
Lagged log Reddit post count,,0.0001,,0.0003
,,(0.0014),,(0.0015)
Lagged Reddit sentiment,,,0.0025,0.0027
,,,(0.0039),(0.0039)
Observations,1799,1799,1799,1799
R-squared,0.0042,0.0042,0.0043,0.0043
Adjusted R-squared,0.0003,-0.0003,-0.0001,-0.0007
