Check,Expected,Actual,Pass
Market_Input_Rows,1826,1826,True
Reddit_Input_Rows,3652,3652,True
Calendar_Days,1826,1826,True
Date_Asset_Rows,3652,3652,True
BTC_Rows,1826,1826,True
ETH_Rows,1826,1826,True
Duplicate_Date_Asset_Rows,0,0,True
Market_Dates_Unmatched_To_Reddit,0,0,True
Reddit_Dates_Unmatched_To_Market,0,0,True
Market_Target_Rows_Unmatched_To_Reddit,0,0,True
Market_Rows_Unmatched_After_Merge,0,0,True
BTC_Target_Mismatches,0,0,True
ETH_Target_Mismatches,0,0,True
BTC_Return_Lag_Reconstruction_Mismatches,0,0,True
ETH_Return_Lag_Reconstruction_Mismatches,0,0,True
BTC_Volume_Lag_Reconstruction_Mismatches,0,0,True
ETH_Volume_Lag_Reconstruction_Mismatches,0,0,True
Traditional_Market_Alignment_Tests,True,True,True
Integrated_No_Lookahead_Tests,True,True,True
