Asset,Predictor,N,Unique_Values,Mean,Std,Skewness,Excess_Kurtosis,Minimum,Maximum,Zero_Count,Zero_Percent
BTC,Own_Lagged_Return,1821,1817,0.0005735305104841484,0.033258272981092595,-0.23293269250519166,19.245285310618403,-0.370328563333529,0.3653253511892223,5,0.2745744096650192
BTC,Lagged_Log_Crypto_Volume,1821,1821,24.17112174261246,0.582612308149719,-0.1056944811803013,-0.09194665205086938,22.396837088630488,26.583960721423335,0,0.0
BTC,Lagged_SP500_Return_Aligned,1821,1253,0.0006001911421994459,0.010807912353154366,-0.32554875199595756,5.492220047555201,-0.0616090736758802,0.0908949016487148,0,0.0
BTC,Lagged_VIX_Change_Aligned,1821,711,-0.0671938495332235,1.8442717018389427,1.5058236151852913,21.191844648107015,-18.71,15.290000000000004,10,0.5491488193300385
BTC,Lagged_Gold_Return_Aligned,1821,1254,0.0006998236197058595,0.010138117912858869,-0.5194444749505214,2.1115699972520323,-0.0590620355400498,0.0343676442916245,2,0.10982976386600769
BTC,Lagged_DXY_Return_Aligned,1821,1270,8.639391781248115e-05,0.004389376475026055,-0.3377960365460183,1.8512598576806747,-0.0214220438418628,0.016380156478666,35,1.9220208676551345
BTC,Lagged_US10Y_Change_Aligned,1821,116,0.002718286655683688,0.0633065300567964,-0.37589631074337,1.4532725441228944,-0.3000000000000002,0.2800000000000002,113,6.205381658429435
BTC,Lagged_Log_Reddit_Post_Count,1821,199,4.01767539312081,0.5167681051343407,0.7876019984130668,0.985590546763286,1.9459101490553132,6.182084906716632,0,0.0
BTC,Lagged_Reddit_Sentiment,1821,1821,0.021579807733685463,0.07473491451328286,0.15487410911111152,0.5913072418539511,-0.2618790592532605,0.4043815297556185,0,0.0
ETH,Own_Lagged_Return,1799,1795,0.0007148771914757678,0.04151300829839475,-0.2511441331356127,6.711774632933853,-0.2787636473505414,0.3236673188485697,5,0.27793218454697055
ETH,Lagged_Log_Crypto_Volume,1799,1799,23.49013083030255,0.6672040153588096,-0.2634775254956972,-0.20600064336026058,21.456415032094935,25.30554215813766,0,0.0
ETH,Lagged_SP500_Return_Aligned,1799,1243,0.000599339950869529,0.01083000556446205,-0.3163633219047817,5.485616792902826,-0.0616090736758802,0.0908949016487148,0,0.0
ETH,Lagged_VIX_Change_Aligned,1799,704,-0.07734296831573095,1.817028294746423,1.2792319220511,20.24884718919187,-18.71,15.290000000000004,10,0.5558643690939411
ETH,Lagged_Gold_Return_Aligned,1799,1244,0.0007378668530434602,0.010103822822329947,-0.5400549702493944,2.1726014769489557,-0.0590620355400498,0.0343676442916245,2,0.11117287381878821
ETH,Lagged_DXY_Return_Aligned,1799,1260,8.639585315039533e-05,0.004404265894826222,-0.33850063197603564,1.8401335735789384,-0.0214220438418628,0.016380156478666,35,1.9455252918287937
ETH,Lagged_US10Y_Change_Aligned,1799,116,0.002690383546414672,0.06345879056449488,-0.37831614860844176,1.4543759841239834,-0.3000000000000002,0.2800000000000002,112,6.22568093385214
ETH,Lagged_Log_Reddit_Post_Count,1799,47,2.1450142775915095,0.7713199619099018,0.15426825796112825,-0.8317170471948914,0.6931471805599453,4.248495242049359,0,0.0
ETH,Lagged_Reddit_Sentiment,1799,1799,0.07826008884281532,0.22441058851551607,0.01780737632451058,1.1469979466465614,-0.8728807782754302,0.9778166632167996,0,0.0
