,Target_Return,Own_Lagged_Return,Lagged_Log_Crypto_Volume,Lagged_SP500_Return_Aligned,Lagged_VIX_Change_Aligned,Lagged_Gold_Return_Aligned,Lagged_DXY_Return_Aligned,Lagged_US10Y_Change_Aligned,Lagged_Log_Reddit_Post_Count,Lagged_Reddit_Sentiment
Target_Return,1.0,-0.11195417474028048,-0.00651398572924069,-0.01380966747503724,0.01510383703656484,0.021146844404938782,-0.004609180638201464,-0.006521320851914108,0.01793392374953231,-0.0027611251795746235
Own_Lagged_Return,-0.11195417474028048,1.0,-0.025178634047261866,0.3024833082437902,-0.25115114626391727,0.04328173759706981,-0.1084561182817571,0.008725454205930037,0.023990692473279878,0.12365634062337429
Lagged_Log_Crypto_Volume,-0.00651398572924069,-0.025178634047261866,1.0,-0.02106286554960429,0.03212255979489655,-0.006026686191954738,-0.023115897463341344,-0.04429287343340449,0.5686462454523535,0.014190419735531304
Lagged_SP500_Return_Aligned,-0.01380966747503724,0.3024833082437902,-0.02106286554960429,1.0,-0.7717008620649143,0.07014909334005676,-0.24762821243118838,-0.013496433548560312,0.005120942625075389,0.061831252950201476
Lagged_VIX_Change_Aligned,0.01510383703656484,-0.25115114626391727,0.03212255979489655,-0.7717008620649143,1.0,-0.025467161387059713,0.12620157347891375,-0.09151587454476601,-0.011391075203432986,-0.02928531311226196
Lagged_Gold_Return_Aligned,0.021146844404938782,0.04328173759706981,-0.006026686191954738,0.07014909334005676,-0.025467161387059713,1.0,-0.4379934136971149,-0.2708468708718032,-0.047553189041813576,0.02151352810448896
Lagged_DXY_Return_Aligned,-0.004609180638201464,-0.1084561182817571,-0.023115897463341344,-0.24762821243118838,0.12620157347891375,-0.4379934136971149,1.0,0.3591180736776421,0.02603727502447902,-0.020778837554194938
Lagged_US10Y_Change_Aligned,-0.006521320851914108,0.008725454205930037,-0.04429287343340449,-0.013496433548560312,-0.09151587454476601,-0.2708468708718032,0.3591180736776421,1.0,-0.027239731765164234,0.037416806384050504
Lagged_Log_Reddit_Post_Count,0.01793392374953231,0.023990692473279878,0.5686462454523535,0.005120942625075389,-0.011391075203432986,-0.047553189041813576,0.02603727502447902,-0.027239731765164234,1.0,-0.06297623210322005
Lagged_Reddit_Sentiment,-0.0027611251795746235,0.12365634062337429,0.014190419735531304,0.061831252950201476,-0.02928531311226196,0.02151352810448896,-0.020778837554194938,0.037416806384050504,-0.06297623210322005,1.0
